"Year","Fishery","River.Section","1.1","1.2","1.3","1.4","1.5","1.6","2.2","2.3","2.4","2.5"
1981,"US_Comm","above_pilot",0,69,256,57,2,0,0,0,0,0
1981,"US_Comm","above_pilot",0,41,176,2293,38,0,0,0,0,0
1981,"US_Comm","above_pilot",0,50,391,616,34,0,0,0,0,0
1981,"US_Comm","above_pilot",0,69,46,1,0,0,0,0,0,0
1981,"US_Comm","above_pilot",0,45,43,784,23,0,0,0,0,0
1981,"US_Comm","above_pilot",0,53,119,150,14,0,0,0,0,0
1981,"US_Comm","above_pilot",0,466,1779,3843,286,0,0,0,0,0
1981,"US_Comm","above_pilot",0,40,47,875,25,0,0,0,0,0
1981,"US_Comm","below_pilot",0,1509,5095,503,13,0,0,0,0,0
1981,"US_Comm","below_pilot",0,836,5833,57050,988,0,0,0,0,0
1981,"US_Comm","below_pilot",0,931,7223,18331,1194,0,0,0,0,0
1981,"US_Comm","below_pilot",0,606,1971,355,9,0,0,0,0,0
1981,"US_Comm","below_pilot",0,386,3526,26569,431,0,0,0,0,0
1981,"US_Comm","below_pilot",0,430,3584,7453,461,0,0,0,0,0
1981,"US_Comm","Canada",0,628,2398,5181,386,0,0,0,0,0
1981,"US_Sport","above_pilot",1,41,214,510,3,0,0,0,0,0
1981,"US_Subsistence","above_pilot",0,6,106,0,0,0,0,0,0,0
1981,"US_Subsistence","above_pilot",0,8,210,2395,42,0,0,0,0,0
1981,"US_Subsistence","above_pilot",0,8,485,697,44,0,0,0,0,0
1981,"US_Subsistence","above_pilot",0,194,130,3,0,0,0,0,0,0
1981,"US_Subsistence","above_pilot",0,127,121,2208,65,0,0,0,0,0
1981,"US_Subsistence","above_pilot",0,149,335,423,39,0,0,0,0,0
1981,"US_Subsistence","above_pilot",0,2090,4692,5914,552,0,0,0,0,0
1981,"US_Subsistence","above_pilot",0,113,133,2469,70,0,0,0,0,0
1981,"US_Subsistence","below_pilot",0,3,61,0,0,0,0,0,0,0
1981,"US_Subsistence","below_pilot",0,5,120,1366,24,0,0,0,0,0
1981,"US_Subsistence","below_pilot",0,4,276,398,25,0,0,0,0,0
1981,"US_Subsistence","below_pilot",0,5,95,0,0,0,0,0,0,0
1981,"US_Subsistence","below_pilot",0,7,187,2143,38,0,0,0,0,0
1981,"US_Subsistence","below_pilot",0,7,434,624,40,0,0,0,0,0
1981,"US_Subsistence","Canada",0,695,2656,5738,427,0,0,0,0,0
1982,"US_Comm","above_pilot",0,335,308,120,4,0,0,0,0,0
1982,"US_Comm","above_pilot",0,85,153,520,34,0,0,1,0,0
1982,"US_Comm","above_pilot",0,26,126,671,157,0,7,40,14,8
1982,"US_Comm","above_pilot",30,235,144,42,1,0,0,0,0,0
1982,"US_Comm","above_pilot",30,55,51,151,12,0,0,0,0,0
1982,"US_Comm","above_pilot",30,13,39,196,58,0,0,0,0,0
1982,"US_Comm","above_pilot",410,500,1107,2380,781,0,12,98,97,0
1982,"US_Comm","above_pilot",0,203,420,314,42,0,2,0,0,0
1982,"US_Comm","below_pilot",0,2692,8159,4116,181,0,2,0,0,0
1982,"US_Comm","below_pilot",0,1304,3200,14873,1171,0,2,13,38,0
1982,"US_Comm","below_pilot",0,244,3073,25960,7359,0,39,361,1271,393
1982,"US_Comm","below_pilot",0,1336,2028,1572,69,0,0,0,0,0
1982,"US_Comm","below_pilot",0,751,2604,8182,652,0,0,13,11,0
1982,"US_Comm","below_pilot",0,145,1587,14916,4233,0,26,326,529,152
1982,"US_Comm","Canada",0,373,1429,4320,1989,0,31,249,249,0
1982,"US_Sport","above_pilot",3,274,287,393,47,0,0,1,1,0
1982,"US_Subsistence","above_pilot",0,16,81,88,3,0,0,0,0,0
1982,"US_Subsistence","above_pilot",0,38,166,354,21,0,0,0,2,0
1982,"US_Subsistence","above_pilot",0,10,135,1879,457,0,0,6,100,3
1982,"US_Subsistence","above_pilot",116,908,556,162,4,0,0,0,0,0
1982,"US_Subsistence","above_pilot",116,213,197,583,46,0,0,0,0,0
1982,"US_Subsistence","above_pilot",116,50,151,757,224,0,0,0,0,0
1982,"US_Subsistence","above_pilot",978,1192,2639,5674,1862,0,29,234,231,0
1982,"US_Subsistence","above_pilot",0,691,1431,1069,143,0,7,0,0,0
1982,"US_Subsistence","below_pilot",0,25,80,68,2,0,0,0,0,0
1982,"US_Subsistence","below_pilot",0,58,141,415,18,0,0,0,1,0
1982,"US_Subsistence","below_pilot",0,15,161,1088,171,0,0,11,51,6
1982,"US_Subsistence","below_pilot",0,10,51,55,2,0,0,0,0,0
1982,"US_Subsistence","below_pilot",0,24,104,222,13,0,0,0,1,0
1982,"US_Subsistence","below_pilot",0,6,85,1180,287,0,0,4,63,2
1982,"US_Subsistence","Canada",0,370,1417,4284,1972,0,31,247,247,0
1983,"US_Comm","above_pilot",0,99,340,317,1,0,0,0,0,0
1983,"US_Comm","above_pilot",0,178,491,924,73,0,0,0,0,0
1983,"US_Comm","above_pilot",0,12,145,1315,199,0,0,0,12,0
1983,"US_Comm","above_pilot",2,103,50,14,0,0,0,1,0,0
1983,"US_Comm","above_pilot",2,164,80,62,1,0,0,1,0,0
1983,"US_Comm","above_pilot",1,11,16,88,2,0,0,1,2,0
1983,"US_Comm","above_pilot",0,338,1249,1799,147,0,7,37,29,0
1983,"US_Comm","above_pilot",0,32,312,524,43,0,0,0,0,0
1983,"US_Comm","below_pilot",0,2366,6940,5147,33,0,0,52,43,0
1983,"US_Comm","below_pilot",0,3637,6625,22179,1845,0,0,7,93,0
1983,"US_Comm","below_pilot",0,254,4684,33533,4827,0,0,317,2783,92
1983,"US_Comm","below_pilot",0,1334,3945,3657,14,0,0,0,0,0
1983,"US_Comm","below_pilot",0,2101,5004,8726,699,0,0,0,5,0
1983,"US_Comm","below_pilot",0,164,1880,13466,2011,0,0,0,223,0
1983,"US_Comm","Canada",0,145,1408,9238,1760,0,0,41,435,0
1983,"US_Sport","above_pilot",0,206,216,580,45,0,0,0,1,0
1983,"US_Subsistence","above_pilot",0,16,227,116,1,0,0,1,0,0
1983,"US_Subsistence","above_pilot",0,105,602,1552,91,0,0,0,2,0
1983,"US_Subsistence","above_pilot",0,4,190,1677,217,0,0,25,75,9
1983,"US_Subsistence","above_pilot",28,1417,688,193,0,0,0,14,0,0
1983,"US_Subsistence","above_pilot",28,2257,1101,853,14,0,0,14,0,0
1983,"US_Subsistence","above_pilot",14,151,220,1211,27,0,0,14,27,0
1983,"US_Subsistence","above_pilot",0,1571,5804,8360,683,0,33,172,135,0
1983,"US_Subsistence","above_pilot",0,512,1135,2373,189,0,0,0,2,0
1983,"US_Subsistence","below_pilot",0,24,203,28,0,0,0,1,0,0
1983,"US_Subsistence","below_pilot",0,174,642,2413,102,0,0,0,2,0
1983,"US_Subsistence","below_pilot",0,8,248,2091,179,0,0,64,63,21
1983,"US_Subsistence","below_pilot",0,30,419,215,1,0,0,1,0,0
1983,"US_Subsistence","below_pilot",0,194,1111,2865,168,0,0,0,4,0
1983,"US_Subsistence","below_pilot",0,8,350,3096,401,0,0,47,139,16
1983,"US_Subsistence","Canada",0,66,640,4202,800,0,0,19,198,0
1984,"US_Comm","above_pilot",0,5,98,659,26,0,0,0,0,0
1984,"US_Comm","above_pilot",0,31,661,735,167,0,0,0,38,10
1984,"US_Comm","above_pilot",0,0,0,451,119,0,0,0,36,3
1984,"US_Comm","above_pilot",0,12,209,364,18,0,0,0,0,0
1984,"US_Comm","above_pilot",0,2,37,80,23,0,0,0,11,0
1984,"US_Comm","above_pilot",0,2,25,116,37,0,0,0,25,0
1984,"US_Comm","above_pilot",0,205,992,2044,368,0,0,34,26,0
1984,"US_Comm","above_pilot",0,12,210,453,130,0,0,0,62,0
1984,"US_Comm","below_pilot",0,791,4824,18357,888,0,20,0,20,0
1984,"US_Comm","below_pilot",0,1168,13071,15553,4278,0,20,35,1246,59
1984,"US_Comm","below_pilot",0,0,0,9791,3022,0,20,232,1268,8
1984,"US_Comm","below_pilot",0,902,2492,7246,323,0,3,0,0,0
1984,"US_Comm","below_pilot",0,866,8224,7623,1973,0,3,10,345,33
1984,"US_Comm","below_pilot",0,0,0,4834,1427,0,3,66,319,5
1984,"US_Comm","Canada",0,963,2439,4943,1348,0,32,96,64,0
1984,"US_Sport","above_pilot",0,35,146,132,37,0,0,0,1,0
1984,"US_Subsistence","above_pilot",0,4,67,548,26,0,0,0,0,0
1984,"US_Subsistence","above_pilot",0,14,686,740,198,0,0,1,111,0
1984,"US_Subsistence","above_pilot",0,0,0,609,187,0,0,12,139,0
1984,"US_Subsistence","above_pilot",0,78,1353,2356,116,0,0,0,0,0
1984,"US_Subsistence","above_pilot",0,13,239,518,149,0,0,0,71,0
1984,"US_Subsistence","above_pilot",0,13,162,751,239,0,0,0,162,0
1984,"US_Subsistence","above_pilot",0,835,4039,8322,1498,0,0,138,106,0
1984,"US_Subsistence","above_pilot",0,195,1476,2426,692,0,0,0,261,0
1984,"US_Subsistence","below_pilot",0,16,178,1108,27,0,0,0,0,0
1984,"US_Subsistence","below_pilot",0,94,1096,1075,152,0,0,5,64,0
1984,"US_Subsistence","below_pilot",0,0,0,625,102,0,0,25,57,0
1984,"US_Subsistence","below_pilot",0,13,250,1741,72,0,0,0,0,0
1984,"US_Subsistence","below_pilot",0,79,1588,1690,397,0,0,4,89,13
1984,"US_Subsistence","below_pilot",0,0,0,905,238,0,0,18,73,2
1984,"US_Subsistence","Canada",0,673,1705,3455,942,0,23,67,45,0
1985,"US_Comm","above_pilot",0,22,26,241,6,0,0,0,0,0
1985,"US_Comm","above_pilot",0,17,60,524,17,0,0,0,2,0
1985,"US_Comm","above_pilot",0,2,189,1272,120,0,0,17,66,7
1985,"US_Comm","above_pilot",0,34,30,63,2,0,0,0,0,0
1985,"US_Comm","above_pilot",0,9,20,52,2,0,0,0,0,0
1985,"US_Comm","above_pilot",0,0,66,336,44,0,0,3,3,0
1985,"US_Comm","above_pilot",0,175,459,2006,576,0,19,53,84,0
1985,"US_Comm","above_pilot",16,232,531,347,16,0,0,0,0,0
1985,"US_Comm","below_pilot",0,3389,4211,27011,1476,0,0,0,0,0
1985,"US_Comm","below_pilot",0,216,1584,15130,1007,0,0,0,35,0
1985,"US_Comm","below_pilot",0,16,2023,26601,5264,0,0,47,1717,284
1985,"US_Comm","below_pilot",0,3210,2659,10464,724,0,6,0,0,0
1985,"US_Comm","below_pilot",0,579,1809,9043,603,0,6,0,20,0
1985,"US_Comm","below_pilot",0,8,1444,13765,2869,0,6,181,914,55
1985,"US_Comm","Canada",0,25,1295,8223,2590,0,0,63,289,88
1985,"US_Sport","above_pilot",0,167,267,844,84,0,5,0,1,0
1985,"US_Subsistence","above_pilot",0,17,102,825,39,0,0,0,0,0
1985,"US_Subsistence","above_pilot",0,5,76,635,39,0,0,0,2,0
1985,"US_Subsistence","above_pilot",0,0,76,1181,211,0,0,1,95,38
1985,"US_Subsistence","above_pilot",0,319,281,590,19,0,0,0,0,0
1985,"US_Subsistence","above_pilot",0,84,187,487,19,0,0,0,0,0
1985,"US_Subsistence","above_pilot",0,0,618,3148,412,0,0,28,28,0
1985,"US_Subsistence","above_pilot",0,783,2054,8977,2578,0,85,237,376,0
1985,"US_Subsistence","above_pilot",120,1743,3990,2607,120,0,0,0,0,0
1985,"US_Subsistence","below_pilot",0,148,154,524,21,0,0,0,0,0
1985,"US_Subsistence","below_pilot",0,45,152,739,39,0,0,0,1,0
1985,"US_Subsistence","below_pilot",0,1,100,978,152,0,0,0,17,0
1985,"US_Subsistence","below_pilot",0,95,218,803,41,0,0,0,0,0
1985,"US_Subsistence","below_pilot",0,29,115,2119,151,0,0,0,4,0
1985,"US_Subsistence","below_pilot",0,1,182,2177,450,0,0,0,98,0
1985,"US_Subsistence","Canada",0,13,693,4400,1386,0,0,34,155,47
1986,"US_Comm","above_pilot",0,7,127,148,52,0,0,0,2,0
1986,"US_Comm","above_pilot",0,13,39,10,3,0,0,1,0,0
1986,"US_Comm","above_pilot",0,6,161,188,126,0,0,10,6,2
1986,"US_Comm","above_pilot",0,29,24,25,6,0,0,1,2,0
1986,"US_Comm","above_pilot",18,108,8,17,4,0,0,6,1,0
1986,"US_Comm","above_pilot",0,8,31,109,56,0,0,26,16,7
1986,"US_Comm","above_pilot",82,628,189,935,562,0,0,136,140,61
1986,"US_Comm","above_pilot",52,396,40,261,92,0,0,64,38,7
1986,"US_Comm","below_pilot",0,205,6653,4548,1329,0,0,8,43,0
1986,"US_Comm","below_pilot",0,190,935,394,136,0,0,7,5,0
1986,"US_Comm","below_pilot",0,125,8438,18103,11041,0,0,222,532,121
1986,"US_Comm","below_pilot",0,398,5879,6004,2125,0,2,42,79,0
1986,"US_Comm","below_pilot",0,707,1595,603,220,0,0,52,7,0
1986,"US_Comm","below_pilot",0,438,8640,8556,5586,0,4,514,330,68
1986,"US_Comm","Canada",0,0,1661,4865,4034,0,0,119,59,59
1986,"US_Sport","above_pilot",1,82,366,232,102,0,0,10,2,1
1986,"US_Subsistence","above_pilot",0,11,488,333,58,0,0,2,3,0
1986,"US_Subsistence","above_pilot",0,55,328,0,0,0,0,0,0,0
1986,"US_Subsistence","above_pilot",0,13,1216,1256,466,0,0,31,29,16
1986,"US_Subsistence","above_pilot",0,496,410,428,103,0,0,17,34,0
1986,"US_Subsistence","above_pilot",308,1848,137,291,68,0,0,103,17,0
1986,"US_Subsistence","above_pilot",0,137,530,1865,958,0,0,445,274,120
1986,"US_Subsistence","above_pilot",478,3656,1100,5444,3272,0,0,792,815,355
1986,"US_Subsistence","above_pilot",256,1948,197,1284,453,0,0,315,187,34
1986,"US_Subsistence","below_pilot",0,11,543,414,74,0,0,2,3,0
1986,"US_Subsistence","below_pilot",0,72,477,92,20,0,0,2,0,0
1986,"US_Subsistence","below_pilot",0,15,1472,1441,548,0,0,35,35,19
1986,"US_Subsistence","below_pilot",0,17,735,502,88,0,0,2,5,0
1986,"US_Subsistence","below_pilot",0,83,494,0,0,0,0,0,0,0
1986,"US_Subsistence","below_pilot",0,19,1831,1892,701,0,0,46,44,24
1986,"US_Subsistence","Canada",0,0,1472,4311,3575,0,0,105,52,52
1987,"US_Comm","above_pilot",0,9,14,224,9,0,1,4,0,0
1987,"US_Comm","above_pilot",0,9,34,337,30,0,1,4,0,0
1987,"US_Comm","above_pilot",0,33,109,944,207,0,1,9,58,2
1987,"US_Comm","above_pilot",3,29,24,140,4,0,1,2,1,0
1987,"US_Comm","above_pilot",3,32,53,211,15,0,1,2,1,0
1987,"US_Comm","above_pilot",3,115,173,590,102,0,0,2,17,0
1987,"US_Comm","above_pilot",9,272,451,2524,455,0,2,13,32,0
1987,"US_Comm","above_pilot",22,450,661,1941,219,0,6,22,17,0
1987,"US_Comm","below_pilot",0,1344,1524,17640,686,0,11,11,52,50
1987,"US_Comm","below_pilot",0,357,1193,12320,946,0,11,19,41,0
1987,"US_Comm","below_pilot",0,965,3101,28040,4961,0,11,229,2780,351
1987,"US_Comm","below_pilot",0,352,371,5086,199,0,11,58,6,0
1987,"US_Comm","below_pilot",0,384,823,7646,684,0,11,61,11,0
1987,"US_Comm","below_pilot",0,1468,2665,21389,4777,0,11,135,1250,60
1987,"US_Comm","Canada",0,330,851,3867,1043,0,0,137,467,55
1987,"US_Sport","above_pilot",0,21,65,374,40,0,0,1,1,0
1987,"US_Subsistence","above_pilot",0,5,36,854,33,0,0,0,4,0
1987,"US_Subsistence","above_pilot",0,3,54,941,81,0,0,1,3,0
1987,"US_Subsistence","above_pilot",0,7,109,1886,392,0,0,14,250,35
1987,"US_Subsistence","above_pilot",14,138,114,666,19,0,5,10,5,0
1987,"US_Subsistence","above_pilot",14,152,252,1003,71,0,5,9,5,0
1987,"US_Subsistence","above_pilot",14,547,823,2805,485,0,0,9,81,0
1987,"US_Subsistence","above_pilot",43,1395,2312,12926,2331,0,13,68,161,0
1987,"US_Subsistence","above_pilot",32,644,946,2778,314,0,8,31,24,0
1987,"US_Subsistence","below_pilot",0,13,82,1640,66,0,0,0,9,0
1987,"US_Subsistence","below_pilot",0,9,116,1535,141,0,0,2,8,0
1987,"US_Subsistence","below_pilot",0,19,200,2308,530,0,0,38,482,80
1987,"US_Subsistence","below_pilot",0,0,24,1202,40,0,0,0,2,0
1987,"US_Subsistence","below_pilot",0,0,53,1824,139,0,0,0,3,0
1987,"US_Subsistence","below_pilot",0,0,169,5074,962,0,0,0,347,27
1987,"US_Subsistence","Canada",0,531,1370,6224,1679,0,0,220,752,88
1988,"US_Comm","above_pilot",0,121,77,197,24,0,0,0,0,0
1988,"US_Comm","above_pilot",0,0,0,179,46,0,0,0,0,0
1988,"US_Comm","above_pilot",0,101,298,174,521,0,0,6,15,8
1988,"US_Comm","above_pilot",49,118,56,337,38,0,18,14,0,2
1988,"US_Comm","above_pilot",49,111,25,287,79,0,30,0,0,0
1988,"US_Comm","above_pilot",48,559,521,261,473,0,0,46,8,30
1988,"US_Comm","above_pilot",6,386,741,798,1329,0,8,20,79,69
1988,"US_Comm","above_pilot",8,219,187,235,129,0,0,0,3,5
1988,"US_Comm","below_pilot",0,6039,4744,8118,1702,0,96,73,5,7
1988,"US_Comm","below_pilot",0,332,863,4897,3190,0,25,0,7,13
1988,"US_Comm","below_pilot",0,3106,8328,4734,9477,0,0,186,630,537
1988,"US_Comm","below_pilot",0,2849,2754,4487,780,0,32,20,3,9
1988,"US_Comm","below_pilot",0,196,178,2901,1510,0,9,0,1,6
1988,"US_Comm","below_pilot",0,2220,6073,3204,7373,0,3,128,294,158
1988,"US_Comm","Canada",0,817,2413,4938,4270,0,0,111,186,482
1988,"US_Sport","above_pilot",4,147,198,419,172,0,1,0,1,2
1988,"US_Subsistence","above_pilot",0,20,92,632,128,0,0,6,0,1
1988,"US_Subsistence","above_pilot",0,9,37,608,216,0,0,0,0,0
1988,"US_Subsistence","above_pilot",0,46,549,383,1696,0,0,19,27,78
1988,"US_Subsistence","above_pilot",140,337,160,963,109,0,51,40,0,6
1988,"US_Subsistence","above_pilot",140,317,72,821,226,0,86,0,0,0
1988,"US_Subsistence","above_pilot",137,1598,1489,746,1352,0,0,132,23,86
1988,"US_Subsistence","above_pilot",32,2080,3993,4300,7161,0,43,108,425,372
1988,"US_Subsistence","above_pilot",72,1941,1564,1852,665,0,0,0,0,18
1988,"US_Subsistence","below_pilot",0,17,87,575,89,0,0,6,0,0
1988,"US_Subsistence","below_pilot",0,9,38,534,167,0,0,0,0,1
1988,"US_Subsistence","below_pilot",0,33,463,307,1565,0,0,18,24,72
1988,"US_Subsistence","below_pilot",0,17,71,513,132,0,0,5,0,1
1988,"US_Subsistence","below_pilot",0,6,25,512,205,0,0,0,0,0
1988,"US_Subsistence","below_pilot",0,47,483,352,1355,0,0,14,22,63
1988,"US_Subsistence","Canada",0,508,1499,3067,2652,0,0,69,116,299
1989,"US_Comm","above_pilot",0,30,333,404,27,0,0,0,0,1
1989,"US_Comm","above_pilot",0,7,45,128,20,0,0,0,0,1
1989,"US_Comm","above_pilot",0,82,206,254,66,0,8,5,21,7
1989,"US_Comm","above_pilot",65,96,496,437,0,0,0,6,0,0
1989,"US_Comm","above_pilot",65,15,129,110,0,0,0,6,0,0
1989,"US_Comm","above_pilot",65,461,564,269,0,0,0,6,0,0
1989,"US_Comm","above_pilot",11,529,877,1439,213,0,11,95,111,0
1989,"US_Comm","above_pilot",8,71,529,1257,249,0,0,44,23,0
1989,"US_Comm","below_pilot",0,526,8722,11087,542,0,0,0,0,41
1989,"US_Comm","below_pilot",0,340,5001,5893,767,0,0,1,0,41
1989,"US_Comm","below_pilot",0,1937,6662,15411,3289,0,224,254,1189,437
1989,"US_Comm","below_pilot",4,350,4731,7092,450,0,0,0,0,11
1989,"US_Comm","below_pilot",4,98,1544,2429,368,0,0,0,0,11
1989,"US_Comm","below_pilot",4,1386,4540,7092,1769,0,93,338,701,210
1989,"US_Comm","Canada",0,96,1003,6479,2017,0,0,0,97,97
1989,"US_Sport","above_pilot",4,43,307,593,100,0,4,2,0,0
1989,"US_Subsistence","above_pilot",0,7,351,838,57,0,0,0,0,0
1989,"US_Subsistence","above_pilot",0,5,352,296,48,0,0,0,0,0
1989,"US_Subsistence","above_pilot",0,91,656,1411,366,0,8,93,156,43
1989,"US_Subsistence","above_pilot",193,285,1472,1296,0,0,0,18,0,0
1989,"US_Subsistence","above_pilot",193,44,383,326,0,0,0,18,0,0
1989,"US_Subsistence","above_pilot",193,1368,1673,798,0,0,0,18,0,0
1989,"US_Subsistence","above_pilot",74,3562,5905,9689,1434,0,74,640,747,0
1989,"US_Subsistence","above_pilot",16,137,994,2183,443,0,0,84,26,0
1989,"US_Subsistence","below_pilot",0,2,454,533,35,0,0,0,0,5
1989,"US_Subsistence","below_pilot",0,4,415,568,91,0,0,0,0,5
1989,"US_Subsistence","below_pilot",0,21,586,1533,402,0,0,0,136,61
1989,"US_Subsistence","below_pilot",0,11,525,1253,86,0,0,0,0,0
1989,"US_Subsistence","below_pilot",0,7,526,443,72,0,0,0,0,0
1989,"US_Subsistence","below_pilot",0,137,981,2110,547,0,12,139,234,64
1989,"US_Subsistence","Canada",0,80,836,5397,1680,0,0,0,81,81
1990,"US_Comm","above_pilot",0,128,214,462,15,0,0,0,0,0
1990,"US_Comm","above_pilot",0,25,98,471,44,0,0,0,0,0
1990,"US_Comm","above_pilot",0,215,180,417,52,0,0,4,16,0
1990,"US_Comm","above_pilot",0,442,310,317,10,0,0,0,0,0
1990,"US_Comm","above_pilot",0,256,200,319,30,0,1,0,0,0
1990,"US_Comm","above_pilot",0,831,357,389,51,0,14,2,9,0
1990,"US_Comm","above_pilot",0,816,1062,1087,156,0,66,106,56,16
1990,"US_Comm","above_pilot",0,636,598,1619,117,0,0,0,19,0
1990,"US_Comm","below_pilot",0,2523,2945,6996,269,0,0,1,0,0
1990,"US_Comm","below_pilot",0,1741,3343,9765,908,0,14,0,0,0
1990,"US_Comm","below_pilot",0,2549,5998,12019,1498,0,311,186,1138,58
1990,"US_Comm","below_pilot",0,1596,2547,5421,231,0,0,1,0,10
1990,"US_Comm","below_pilot",0,631,1980,5377,637,0,3,0,0,10
1990,"US_Comm","below_pilot",0,3634,3852,5904,965,0,39,158,208,9
1990,"US_Comm","Canada",0,2746,3574,3658,525,0,222,357,188,54
1990,"US_Sport","above_pilot",1,105,136,263,38,0,1,0,0,0
1990,"US_Subsistence","above_pilot",0,224,374,808,26,0,0,0,0,0
1990,"US_Subsistence","above_pilot",0,44,171,823,77,0,0,0,0,0
1990,"US_Subsistence","above_pilot",0,376,315,729,91,0,0,7,28,0
1990,"US_Subsistence","above_pilot",0,1309,918,939,30,0,0,0,0,0
1990,"US_Subsistence","above_pilot",0,758,592,945,89,0,3,0,0,0
1990,"US_Subsistence","above_pilot",0,2461,1057,1152,151,0,41,6,27,0
1990,"US_Subsistence","above_pilot",0,3941,5129,5250,754,0,319,512,271,77
1990,"US_Subsistence","above_pilot",7,722,936,1809,261,0,7,0,0,0
1990,"US_Subsistence","below_pilot",0,321,435,281,10,0,0,0,0,0
1990,"US_Subsistence","below_pilot",0,181,348,1796,152,0,0,0,0,0
1990,"US_Subsistence","below_pilot",0,412,871,1830,203,0,44,25,152,8
1990,"US_Subsistence","below_pilot",0,1057,1070,1675,70,0,4,15,0,3
1990,"US_Subsistence","below_pilot",0,609,837,1646,209,0,4,15,0,3
1990,"US_Subsistence","below_pilot",0,18,502,1479,248,0,4,15,60,3
1990,"US_Subsistence","Canada",0,1916,2494,2553,367,0,155,249,132,37
1991,"US_Comm","above_pilot",0,106,496,466,30,0,0,0,0,1
1991,"US_Comm","above_pilot",0,63,289,238,38,0,0,1,0,1
1991,"US_Comm","above_pilot",0,2,184,343,64,0,3,6,12,1
1991,"US_Comm","above_pilot",0,609,918,320,8,0,0,0,0,0
1991,"US_Comm","above_pilot",0,362,535,164,10,0,0,2,0,0
1991,"US_Comm","above_pilot",0,11,340,236,17,0,0,15,35,0
1991,"US_Comm","above_pilot",0,203,1923,1399,219,0,27,44,11,0
1991,"US_Comm","above_pilot",0,299,745,119,0,0,0,0,0,0
1991,"US_Comm","below_pilot",0,321,7134,12371,984,0,0,37,110,21
1991,"US_Comm","below_pilot",0,381,8966,5156,975,0,0,63,110,52
1991,"US_Comm","below_pilot",0,15,6306,10407,2431,0,0,303,603,71
1991,"US_Comm","below_pilot",0,637,6725,7089,361,0,0,13,40,10
1991,"US_Comm","below_pilot",0,436,7371,4890,590,0,0,47,40,10
1991,"US_Comm","below_pilot",0,16,3603,6177,973,0,14,157,163,11
1991,"US_Comm","Canada",0,579,5482,3988,624,0,77,125,31,0
1991,"US_Sport","above_pilot",1,64,387,271,48,0,0,1,0,1
1991,"US_Subsistence","above_pilot",0,144,675,634,41,0,0,0,0,1
1991,"US_Subsistence","above_pilot",0,86,393,324,52,0,0,1,0,1
1991,"US_Subsistence","above_pilot",0,3,250,466,87,0,4,8,16,1
1991,"US_Subsistence","above_pilot",0,1749,2637,919,23,0,0,0,0,0
1991,"US_Subsistence","above_pilot",0,1040,1537,471,29,0,0,6,0,0
1991,"US_Subsistence","above_pilot",0,31,977,678,49,0,0,43,100,0
1991,"US_Subsistence","above_pilot",0,862,8166,5941,930,0,115,187,47,0
1991,"US_Subsistence","above_pilot",0,900,2247,360,0,0,0,0,0,0
1991,"US_Subsistence","below_pilot",0,134,574,696,49,0,0,0,0,0
1991,"US_Subsistence","below_pilot",0,232,904,391,61,0,0,0,0,12
1991,"US_Subsistence","below_pilot",0,25,1332,1100,232,0,0,49,110,24
1991,"US_Subsistence","below_pilot",0,0,840,1138,52,0,0,0,0,0
1991,"US_Subsistence","below_pilot",0,0,1931,563,58,0,0,3,0,0
1991,"US_Subsistence","below_pilot",0,0,992,1745,252,0,0,43,0,0
1991,"US_Subsistence","Canada",0,515,4876,3547,555,0,68,112,28,0
1992,"US_Comm","above_pilot",0,7,74,185,18,0,0,0,0,0
1992,"US_Comm","above_pilot",0,28,108,623,15,0,1,0,2,0
1992,"US_Comm","above_pilot",0,0,68,650,35,0,0,0,5,0
1992,"US_Comm","above_pilot",9,154,279,76,15,0,0,0,0,0
1992,"US_Comm","above_pilot",9,616,406,256,13,0,0,0,0,0
1992,"US_Comm","above_pilot",9,0,256,267,29,0,0,0,0,0
1992,"US_Comm","above_pilot",0,580,1318,1918,13,0,0,26,0,0
1992,"US_Comm","above_pilot",18,408,204,151,0,0,4,0,0,0
1992,"US_Comm","below_pilot",0,1384,4361,10182,1016,0,0,1,0,2
1992,"US_Comm","below_pilot",0,1268,1395,11247,235,0,0,21,17,2
1992,"US_Comm","below_pilot",0,242,5856,36292,1315,0,0,76,228,2
1992,"US_Comm","below_pilot",0,672,2819,4487,402,0,3,0,0,0
1992,"US_Comm","below_pilot",0,652,1185,8719,173,0,5,11,19,0
1992,"US_Comm","below_pilot",0,51,2337,15721,628,0,0,36,189,30
1992,"US_Comm","Canada",0,1636,3719,5412,37,0,0,73,0,0
1992,"US_Sport","above_pilot",6,150,102,167,3,0,1,1,1,0
1992,"US_Subsistence","above_pilot",0,18,194,486,47,0,0,0,0,0
1992,"US_Subsistence","above_pilot",0,74,283,1635,39,0,3,0,5,0
1992,"US_Subsistence","above_pilot",0,0,178,1706,92,0,0,0,13,0
1992,"US_Subsistence","above_pilot",27,466,844,230,45,0,0,0,0,0
1992,"US_Subsistence","above_pilot",27,1863,1228,774,39,0,0,0,0,0
1992,"US_Subsistence","above_pilot",27,0,774,807,88,0,0,0,0,0
1992,"US_Subsistence","above_pilot",0,2656,6035,8783,60,0,0,119,0,0
1992,"US_Subsistence","above_pilot",85,1945,975,721,0,0,20,0,0,0
1992,"US_Subsistence","below_pilot",0,36,197,584,47,0,0,0,0,0
1992,"US_Subsistence","below_pilot",0,47,72,413,6,0,0,0,1,0
1992,"US_Subsistence","below_pilot",0,5,300,3297,107,0,0,0,29,0
1992,"US_Subsistence","below_pilot",0,14,197,688,64,0,0,0,0,0
1992,"US_Subsistence","below_pilot",0,59,233,1774,31,0,0,0,6,0
1992,"US_Subsistence","below_pilot",0,3,284,3483,131,0,0,0,70,37
1992,"US_Subsistence","Canada",0,1057,2402,3496,24,0,0,47,0,0
1993,"US_Comm","above_pilot",0,20,71,359,20,0,0,0,0,0
1993,"US_Comm","above_pilot",1,42,87,217,7,0,0,3,0,0
1993,"US_Comm","above_pilot",0,7,127,438,90,0,0,5,7,0
1993,"US_Comm","above_pilot",0,205,105,133,4,0,3,0,0,0
1993,"US_Comm","above_pilot",23,431,130,81,1,0,3,4,0,0
1993,"US_Comm","above_pilot",0,72,189,162,20,0,3,8,0,0
1993,"US_Comm","above_pilot",0,922,921,992,123,0,0,11,34,5
1993,"US_Comm","above_pilot",31,685,424,299,6,0,0,0,0,0
1993,"US_Comm","below_pilot",0,820,1739,13428,741,0,0,0,0,4
1993,"US_Comm","below_pilot",0,1761,5237,6163,245,0,0,56,0,4
1993,"US_Comm","below_pilot",0,157,3902,12570,3205,0,0,145,513,4
1993,"US_Comm","below_pilot",5,608,1941,8375,507,0,0,0,0,4
1993,"US_Comm","below_pilot",14,1134,2246,5080,182,0,0,50,0,4
1993,"US_Comm","below_pilot",5,227,4386,9891,2327,0,0,111,356,4
1993,"US_Comm","Canada",0,3173,3169,3413,423,0,0,38,117,17
1993,"US_Sport","above_pilot",12,488,682,495,17,0,0,1,0,0
1993,"US_Subsistence","above_pilot",0,5,170,1173,60,0,0,0,0,4
1993,"US_Subsistence","above_pilot",0,46,759,989,37,0,0,4,0,4
1993,"US_Subsistence","above_pilot",0,4,750,1950,451,0,0,9,55,4
1993,"US_Subsistence","above_pilot",0,1506,771,977,29,0,22,0,0,0
1993,"US_Subsistence","above_pilot",169,3165,955,595,7,0,22,29,0,0
1993,"US_Subsistence","above_pilot",0,529,1388,1190,147,0,22,59,0,0
1993,"US_Subsistence","above_pilot",0,5945,5939,6396,793,0,0,71,219,32
1993,"US_Subsistence","above_pilot",132,2949,1877,1326,27,0,0,0,0,0
1993,"US_Subsistence","below_pilot",0,7,274,1888,96,0,0,0,0,7
1993,"US_Subsistence","below_pilot",0,74,1222,1592,59,0,0,7,0,7
1993,"US_Subsistence","below_pilot",0,7,1207,3139,726,0,0,15,89,7
1993,"US_Subsistence","below_pilot",0,8,303,2086,106,0,0,0,0,8
1993,"US_Subsistence","below_pilot",0,82,1350,1759,65,0,0,8,0,8
1993,"US_Subsistence","below_pilot",0,8,1333,3468,802,0,0,16,98,8
1993,"US_Subsistence","Canada",0,1919,1917,2065,256,0,0,23,71,10
1994,"US_Comm","above_pilot",0,6,138,109,6,0,0,0,0,0
1994,"US_Comm","above_pilot",0,5,151,191,6,0,0,0,0,0
1994,"US_Comm","above_pilot",0,2,199,272,21,0,0,1,7,0
1994,"US_Comm","above_pilot",5,91,441,123,7,0,0,0,0,0
1994,"US_Comm","above_pilot",5,73,483,216,7,0,0,0,0,0
1994,"US_Comm","above_pilot",5,18,636,308,25,0,0,0,0,0
1994,"US_Comm","above_pilot",17,485,2150,976,116,0,0,0,0,0
1994,"US_Comm","above_pilot",145,376,1115,912,58,0,0,0,0,0
1994,"US_Comm","below_pilot",1,978,6962,7302,534,0,0,0,0,29
1994,"US_Comm","below_pilot",1,219,2880,9516,384,0,0,14,0,0
1994,"US_Comm","below_pilot",1,188,15525,17131,1807,0,0,63,262,5
1994,"US_Comm","below_pilot",0,199,6324,5048,400,0,0,0,0,0
1994,"US_Comm","below_pilot",0,110,3224,6241,241,0,0,11,0,0
1994,"US_Comm","below_pilot",0,56,7979,10693,1091,0,0,41,0,104
1994,"US_Comm","Canada",55,1558,6907,3135,373,0,0,0,0,0
1994,"US_Sport","above_pilot",8,63,932,1185,87,0,0,6,0,0
1994,"US_Subsistence","above_pilot",0,31,726,573,32,0,0,0,0,0
1994,"US_Subsistence","above_pilot",0,26,794,1004,32,0,0,0,0,0
1994,"US_Subsistence","above_pilot",0,10,1047,1430,111,0,0,5,37,0
1994,"US_Subsistence","above_pilot",21,381,1825,509,29,0,0,0,0,0
1994,"US_Subsistence","above_pilot",21,302,1999,894,29,0,0,0,0,0
1994,"US_Subsistence","above_pilot",21,74,2632,1275,99,0,0,0,0,0
1994,"US_Subsistence","above_pilot",87,2475,10970,4980,592,0,0,0,0,0
1994,"US_Subsistence","above_pilot",211,549,1627,1330,85,0,0,0,0,0
1994,"US_Subsistence","below_pilot",4,47,426,469,43,0,0,0,0,0
1994,"US_Subsistence","below_pilot",4,22,409,1087,56,0,0,0,0,0
1994,"US_Subsistence","below_pilot",4,21,1914,1880,247,0,0,0,21,0
1994,"US_Subsistence","below_pilot",5,64,578,637,58,0,0,0,0,0
1994,"US_Subsistence","below_pilot",5,30,555,1476,76,0,0,0,0,0
1994,"US_Subsistence","below_pilot",5,29,2599,2553,335,0,0,0,0,29
1994,"US_Subsistence","Canada",42,1190,5277,2396,285,0,0,0,0,0
1995,"US_Comm","above_pilot",0,0,0,0,0,0,0,0,0,0
1995,"US_Comm","above_pilot",0,0,0,0,0,0,0,0,0,0
1995,"US_Comm","above_pilot",0,0,0,0,0,0,0,0,0,0
1995,"US_Comm","above_pilot",0,127,36,48,2,0,0,1,0,0
1995,"US_Comm","above_pilot",0,31,26,101,7,0,0,1,0,0
1995,"US_Comm","above_pilot",0,0,11,91,16,0,0,1,0,0
1995,"US_Comm","above_pilot",0,454,859,1845,61,0,0,10,13,0
1995,"US_Comm","above_pilot",0,793,479,1364,111,0,0,0,0,0
1995,"US_Comm","below_pilot",0,1679,2809,14633,501,0,0,34,8,18
1995,"US_Comm","below_pilot",0,428,1604,17304,600,0,0,34,206,18
1995,"US_Comm","below_pilot",0,485,4596,31136,2031,0,0,34,8,18
1995,"US_Comm","below_pilot",6,1303,1180,4027,54,0,86,47,2,0
1995,"US_Comm","below_pilot",28,565,1332,6746,119,0,86,47,410,0
1995,"US_Comm","below_pilot",6,103,2297,22146,807,0,86,47,2,0
1995,"US_Comm","Canada",0,1561,2953,6343,210,0,0,34,45,0
1995,"US_Sport","above_pilot",2,248,538,1653,72,0,0,0,12,0
1995,"US_Subsistence","above_pilot",0,24,33,530,11,0,23,8,0,0
1995,"US_Subsistence","above_pilot",0,33,87,982,26,0,23,8,76,0
1995,"US_Subsistence","above_pilot",0,29,246,3080,169,0,23,8,0,0
1995,"US_Subsistence","above_pilot",0,1548,375,782,33,0,0,16,0,0
1995,"US_Subsistence","above_pilot",0,1026,554,1645,114,0,0,16,0,0
1995,"US_Subsistence","above_pilot",0,0,261,0,16,0,0,1483,261,0
1995,"US_Subsistence","above_pilot",0,2301,4354,9351,309,0,0,51,66,0
1995,"US_Subsistence","above_pilot",0,1142,690,1964,160,0,0,0,0,0
1995,"US_Subsistence","below_pilot",0,0,0,771,10,0,0,5,0,0
1995,"US_Subsistence","below_pilot",0,29,39,644,9,0,0,5,0,0
1995,"US_Subsistence","below_pilot",0,67,455,3796,125,0,0,5,0,0
1995,"US_Subsistence","below_pilot",0,66,92,697,20,0,64,16,0,0
1995,"US_Subsistence","below_pilot",0,62,202,2074,62,0,64,16,209,0
1995,"US_Subsistence","below_pilot",0,14,226,4729,344,0,64,16,0,0
1995,"US_Subsistence","Canada",0,1364,2581,5544,183,0,0,30,39,0
1996,"US_Comm","above_pilot",0,0,0,0,0,0,0,0,0,0
1996,"US_Comm","above_pilot",0,0,0,0,0,0,0,0,0,0
1996,"US_Comm","above_pilot",0,0,0,0,0,0,0,0,0,0
1996,"US_Comm","above_pilot",0,0,3,32,11,0,0,0,1,0
1996,"US_Comm","above_pilot",0,0,5,1,0,0,0,0,0,0
1996,"US_Comm","above_pilot",0,0,38,29,11,0,0,0,6,0
1996,"US_Comm","above_pilot",0,129,1776,613,123,0,14,82,20,0
1996,"US_Comm","above_pilot",67,154,195,21,10,0,0,0,0,0
1996,"US_Comm","below_pilot",0,178,2127,8202,5363,0,0,0,12,72
1996,"US_Comm","below_pilot",6,423,6110,369,613,0,0,0,0,48
1996,"US_Comm","below_pilot",0,65,13306,13174,7901,0,0,232,91,48
1996,"US_Comm","below_pilot",5,50,861,4808,2926,0,0,1,17,135
1996,"US_Comm","below_pilot",11,105,1484,120,189,0,0,0,0,1
1996,"US_Comm","below_pilot",1,46,11980,4409,2802,0,0,178,79,1
1996,"US_Comm","Canada",0,712,4782,3860,810,0,0,0,0,0
1996,"US_Sport","above_pilot",74,199,1313,823,742,0,0,0,0,0
1996,"US_Subsistence","above_pilot",0,4,101,1178,808,0,0,0,5,50
1996,"US_Subsistence","above_pilot",0,22,416,0,0,0,0,0,0,0
1996,"US_Subsistence","above_pilot",0,11,2724,853,572,0,0,19,20,0
1996,"US_Subsistence","above_pilot",0,0,147,1832,660,0,0,0,73,0
1996,"US_Subsistence","above_pilot",0,0,293,73,0,0,0,0,0,0
1996,"US_Subsistence","above_pilot",0,0,2198,1686,660,0,0,0,366,0
1996,"US_Subsistence","above_pilot",0,728,10026,3460,694,0,79,463,113,0
1996,"US_Subsistence","above_pilot",264,607,768,83,39,0,0,0,0,0
1996,"US_Subsistence","below_pilot",0,6,171,0,0,0,0,460,399,3
1996,"US_Subsistence","below_pilot",0,10,325,0,0,0,0,0,0,0
1996,"US_Subsistence","below_pilot",0,2,1021,0,11,0,0,684,535,19
1996,"US_Subsistence","below_pilot",0,0,0,1524,963,0,0,0,6,84
1996,"US_Subsistence","below_pilot",0,27,376,0,0,0,0,0,0,0
1996,"US_Subsistence","below_pilot",0,16,3567,753,428,0,0,21,15,0
1996,"US_Subsistence","Canada",0,666,4473,3611,758,0,0,0,0,0
1997,"US_Comm","above_pilot",0,0,0,0,0,0,0,0,0,0
1997,"US_Comm","above_pilot",0,0,0,0,0,0,0,0,0,0
1997,"US_Comm","above_pilot",0,0,0,0,0,0,0,0,0,0
1997,"US_Comm","above_pilot",0,106,74,360,1,0,0,0,0,0
1997,"US_Comm","above_pilot",0,1,0,167,2,0,0,0,0,0
1997,"US_Comm","above_pilot",0,28,200,509,9,0,0,0,0,0
1997,"US_Comm","above_pilot",0,372,650,2453,85,0,0,21,97,0
1997,"US_Comm","above_pilot",0,1545,510,673,0,0,0,0,0,0
1997,"US_Comm","below_pilot",0,2928,2879,18962,89,0,0,0,0,0
1997,"US_Comm","below_pilot",0,574,604,12170,251,0,0,0,0,0
1997,"US_Comm","below_pilot",0,200,4414,25254,828,0,0,0,42,0
1997,"US_Comm","below_pilot",0,1271,1203,11396,32,0,0,0,0,0
1997,"US_Comm","below_pilot",0,9,3,5286,67,0,0,0,0,0
1997,"US_Comm","below_pilot",0,343,3291,16126,304,0,0,0,32,0
1997,"US_Comm","Canada",0,537,939,3542,123,0,0,30,140,0
1997,"US_Sport","above_pilot",2,451,267,1165,27,0,0,0,1,0
1997,"US_Subsistence","above_pilot",0,90,107,1732,6,0,0,0,0,0
1997,"US_Subsistence","above_pilot",0,2,2,837,14,0,0,0,0,0
1997,"US_Subsistence","above_pilot",0,69,652,2723,65,0,0,0,12,0
1997,"US_Subsistence","above_pilot",0,830,580,2820,8,0,0,0,0,0
1997,"US_Subsistence","above_pilot",0,8,0,1308,16,0,0,0,0,0
1997,"US_Subsistence","above_pilot",0,219,1567,3988,71,0,0,0,0,0
1997,"US_Subsistence","above_pilot",0,1794,3134,11828,410,0,0,101,468,0
1997,"US_Subsistence","above_pilot",0,2226,735,969,0,0,0,0,0,0
1997,"US_Subsistence","below_pilot",0,176,209,2170,10,0,0,0,0,0
1997,"US_Subsistence","below_pilot",0,4,4,1138,25,0,0,0,0,0
1997,"US_Subsistence","below_pilot",0,39,776,2875,101,0,0,0,23,0
1997,"US_Subsistence","below_pilot",0,0,0,2377,4,0,0,0,0,0
1997,"US_Subsistence","below_pilot",0,0,0,974,6,0,0,0,0,0
1997,"US_Subsistence","below_pilot",0,188,973,4775,53,0,0,0,0,0
1997,"US_Subsistence","Canada",0,1135,1982,7481,259,0,0,64,296,0
1998,"US_Comm","above_pilot",0,0,0,0,0,0,0,0,0,0
1998,"US_Comm","above_pilot",0,0,0,0,0,0,0,0,0,0
1998,"US_Comm","above_pilot",0,0,0,0,0,0,0,0,0,0
1998,"US_Comm","above_pilot",0,0,0,0,0,0,0,0,0,0
1998,"US_Comm","above_pilot",0,0,0,0,0,0,0,0,0,0
1998,"US_Comm","above_pilot",0,0,0,0,0,0,0,0,0,0
1998,"US_Comm","above_pilot",0,8,258,185,66,0,0,0,0,0
1998,"US_Comm","above_pilot",5,69,801,88,0,0,0,0,0,0
1998,"US_Comm","below_pilot",0,927,7948,3236,426,0,0,2,5,3
1998,"US_Comm","below_pilot",0,84,2165,246,65,0,0,0,0,3
1998,"US_Comm","below_pilot",0,36,4159,5534,1399,0,0,21,29,3
1998,"US_Comm","below_pilot",0,543,6627,2251,283,0,0,3,5,0
1998,"US_Comm","below_pilot",0,26,1274,181,42,0,0,0,0,0
1998,"US_Comm","below_pilot",0,9,1983,2847,750,0,0,16,14,0
1998,"US_Comm","Canada",0,13,193,143,41,0,0,0,0,0
1998,"US_Sport","above_pilot",18,66,1083,279,54,0,0,0,0,0
1998,"US_Subsistence","above_pilot",0,52,1167,463,57,0,0,0,0,0
1998,"US_Subsistence","above_pilot",0,5,359,92,26,0,0,0,0,0
1998,"US_Subsistence","above_pilot",0,0,452,1460,355,0,0,10,16,0
1998,"US_Subsistence","above_pilot",0,145,2387,1596,189,0,0,3,7,6
1998,"US_Subsistence","above_pilot",0,53,3516,2740,701,0,0,0,0,6
1998,"US_Subsistence","above_pilot",0,4,936,2604,606,0,0,30,43,6
1998,"US_Subsistence","above_pilot",0,226,7297,5233,1867,0,0,0,0,0
1998,"US_Subsistence","above_pilot",14,192,2227,245,0,0,0,0,0,0
1998,"US_Subsistence","below_pilot",0,83,1872,742,91,0,0,0,0,0
1998,"US_Subsistence","below_pilot",0,8,577,148,41,0,0,0,0,0
1998,"US_Subsistence","below_pilot",0,0,726,2343,569,0,0,17,25,0
1998,"US_Subsistence","below_pilot",0,108,2444,969,119,0,0,0,0,0
1998,"US_Subsistence","below_pilot",0,10,753,193,54,0,0,0,0,0
1998,"US_Subsistence","below_pilot",0,0,948,3059,743,0,0,22,33,0
1998,"US_Subsistence","Canada",0,185,2745,2034,583,0,0,0,0,0
1999,"US_Comm","above_pilot",0,11,56,287,4,0,0,1,1,0
1999,"US_Comm","above_pilot",0,0,2,16,0,0,0,0,1,0
1999,"US_Comm","above_pilot",0,0,31,125,2,0,0,0,1,0
1999,"US_Comm","above_pilot",0,101,99,198,3,0,0,0,0,0
1999,"US_Comm","above_pilot",0,47,63,35,0,0,0,0,0,0
1999,"US_Comm","above_pilot",0,39,257,584,11,0,0,0,0,0
1999,"US_Comm","above_pilot",0,224,914,1414,52,0,0,0,0,0
1999,"US_Comm","above_pilot",0,113,298,278,0,0,0,0,0,0
1999,"US_Comm","below_pilot",0,739,3663,20234,283,0,0,10,47,0
1999,"US_Comm","below_pilot",0,31,324,1340,16,0,0,10,47,0
1999,"US_Comm","below_pilot",0,24,1624,9562,199,0,0,10,47,0
1999,"US_Comm","below_pilot",0,557,2009,11754,188,0,0,8,40,0
1999,"US_Comm","below_pilot",0,45,177,534,8,0,0,8,39,0
1999,"US_Comm","below_pilot",0,28,1543,10017,287,0,0,8,39,0
1999,"US_Comm","Canada",0,0,616,2504,20,0,0,0,20,0
1999,"US_Sport","above_pilot",0,74,250,697,2,0,0,0,0,0
1999,"US_Subsistence","above_pilot",0,101,258,2883,51,0,0,0,0,0
1999,"US_Subsistence","above_pilot",0,22,83,105,2,0,0,0,0,0
1999,"US_Subsistence","above_pilot",0,11,457,3643,99,0,0,0,0,0
1999,"US_Subsistence","above_pilot",0,66,565,2014,44,0,0,0,0,0
1999,"US_Subsistence","above_pilot",0,66,339,351,0,0,0,0,0,0
1999,"US_Subsistence","above_pilot",0,66,1413,5912,88,0,0,0,0,0
1999,"US_Subsistence","above_pilot",0,1219,4973,7693,283,0,0,0,0,0
1999,"US_Subsistence","above_pilot",100,618,717,956,40,0,0,0,0,0
1999,"US_Subsistence","below_pilot",0,40,350,3623,32,0,0,6,6,0
1999,"US_Subsistence","below_pilot",0,12,142,311,2,0,0,6,6,0
1999,"US_Subsistence","below_pilot",0,1,209,2062,30,0,0,5,5,0
1999,"US_Subsistence","below_pilot",0,136,349,3902,69,0,0,0,0,0
1999,"US_Subsistence","below_pilot",0,30,112,142,2,0,0,0,0,0
1999,"US_Subsistence","below_pilot",0,15,618,4930,134,0,0,0,0,0
1999,"US_Subsistence","Canada",0,1,1799,7378,60,0,0,0,57,0
2000,"US_Comm","above_pilot",0,0,0,0,0,0,0,0,0,0
2000,"US_Comm","above_pilot",0,0,0,0,0,0,0,0,0,0
2000,"US_Comm","above_pilot",0,0,0,0,0,0,0,0,0,0
2000,"US_Comm","above_pilot",0,0,0,0,0,0,0,0,0,0
2000,"US_Comm","above_pilot",0,0,0,0,0,0,0,0,0,0
2000,"US_Comm","above_pilot",0,0,0,0,0,0,0,0,0,0
2000,"US_Comm","above_pilot",0,0,0,0,0,0,0,0,0,0
2000,"US_Comm","above_pilot",0,0,0,0,0,0,0,0,0,0
2000,"US_Comm","below_pilot",0,40,918,1877,79,0,0,0,7,0
2000,"US_Comm","below_pilot",0,14,74,379,80,0,0,0,7,0
2000,"US_Comm","below_pilot",0,2,377,958,191,0,0,0,7,0
2000,"US_Comm","below_pilot",0,20,771,1194,51,0,0,0,11,0
2000,"US_Comm","below_pilot",0,8,48,542,127,0,0,0,10,0
2000,"US_Comm","below_pilot",0,1,418,729,165,0,0,0,10,0
2000,"US_Comm","Canada",0,22,1007,16,0,0,0,2554,519,0
2000,"US_Sport","above_pilot",1,71,112,82,11,0,0,0,0,0
2000,"US_Subsistence","above_pilot",0,31,852,1207,64,0,0,0,5,0
2000,"US_Subsistence","above_pilot",0,9,61,364,102,0,0,0,5,0
2000,"US_Subsistence","above_pilot",0,2,387,651,170,0,0,0,4,0
2000,"US_Subsistence","above_pilot",0,100,675,723,45,0,0,0,0,0
2000,"US_Subsistence","above_pilot",0,9,16,158,53,0,0,0,0,0
2000,"US_Subsistence","above_pilot",0,28,1541,1807,586,0,0,0,0,0
2000,"US_Subsistence","above_pilot",0,62,3404,3991,1294,0,0,0,0,0
2000,"US_Subsistence","above_pilot",0,64,114,1128,378,0,0,0,0,0
2000,"US_Subsistence","below_pilot",0,46,804,1975,62,0,0,0,10,0
2000,"US_Subsistence","below_pilot",0,17,67,528,91,0,0,0,10,0
2000,"US_Subsistence","below_pilot",0,4,647,1391,229,0,0,0,10,0
2000,"US_Subsistence","below_pilot",0,89,1827,3329,163,0,0,7,7,0
2000,"US_Subsistence","below_pilot",0,26,131,1005,260,0,0,7,7,0
2000,"US_Subsistence","below_pilot",0,5,829,1794,435,0,0,7,7,0
2000,"US_Subsistence","Canada",0,4,186,3,0,0,0,472,96,0
2001,"US_Comm","above_pilot",0,0,0,0,0,0,0,0,0,0
2001,"US_Comm","above_pilot",0,0,0,0,0,0,0,0,0,0
2001,"US_Comm","above_pilot",0,0,0,0,0,0,0,0,0,0
2001,"US_Comm","above_pilot",0,0,0,0,0,0,0,0,0,0
2001,"US_Comm","above_pilot",0,0,0,0,0,0,0,0,0,0
2001,"US_Comm","above_pilot",0,0,0,0,0,0,0,0,0,0
2001,"US_Comm","above_pilot",0,0,0,0,0,0,0,0,0,0
2001,"US_Comm","above_pilot",0,0,0,0,0,0,0,0,0,0
2001,"US_Comm","below_pilot",0,0,0,0,0,0,0,0,0,0
2001,"US_Comm","below_pilot",0,0,0,0,0,0,0,0,0,0
2001,"US_Comm","below_pilot",0,0,0,0,0,0,0,0,0,0
2001,"US_Comm","below_pilot",0,0,0,0,0,0,0,0,0,0
2001,"US_Comm","below_pilot",0,0,0,0,0,0,0,0,0,0
2001,"US_Comm","below_pilot",0,0,0,0,0,0,0,0,0,0
2001,"US_Comm","Canada",0,4,431,845,71,0,0,0,0,0
2001,"US_Sport","above_pilot",3,56,192,294,26,0,0,0,0,0
2001,"US_Subsistence","above_pilot",0,88,486,3265,172,0,0,0,3,0
2001,"US_Subsistence","above_pilot",0,28,323,458,29,0,0,0,3,0
2001,"US_Subsistence","above_pilot",0,1,282,1103,118,0,0,0,2,0
2001,"US_Subsistence","above_pilot",10,569,1034,1442,107,0,0,21,11,0
2001,"US_Subsistence","above_pilot",22,192,743,1839,164,0,0,21,11,0
2001,"US_Subsistence","above_pilot",0,11,733,2253,340,0,0,21,11,0
2001,"US_Subsistence","above_pilot",0,3315,5894,4329,0,0,0,0,0,0
2001,"US_Subsistence","above_pilot",0,489,1747,838,0,0,0,0,0,0
2001,"US_Subsistence","below_pilot",0,300,705,3096,281,0,0,0,4,0
2001,"US_Subsistence","below_pilot",0,94,469,434,47,0,0,0,3,0
2001,"US_Subsistence","below_pilot",0,5,409,1046,193,0,0,0,3,0
2001,"US_Subsistence","below_pilot",0,83,839,7021,578,0,0,0,0,0
2001,"US_Subsistence","below_pilot",0,26,558,984,97,0,0,0,0,0
2001,"US_Subsistence","below_pilot",0,1,486,2372,397,0,0,0,0,0
2001,"US_Subsistence","Canada",0,25,2775,5479,466,0,0,0,0,0
2002,"US_Comm","above_pilot",0,0,0,0,0,0,0,0,0,0
2002,"US_Comm","above_pilot",0,0,0,0,0,0,0,0,0,0
2002,"US_Comm","above_pilot",0,0,0,0,0,0,0,0,0,0
2002,"US_Comm","above_pilot",0,0,0,0,0,0,0,0,0,0
2002,"US_Comm","above_pilot",0,0,0,0,0,0,0,0,0,0
2002,"US_Comm","above_pilot",0,0,0,0,0,0,0,0,0,0
2002,"US_Comm","above_pilot",0,67,252,396,56,0,0,0,0,0
2002,"US_Comm","above_pilot",0,94,389,305,43,0,0,0,0,5
2002,"US_Comm","below_pilot",0,309,1457,3502,546,0,0,0,4,0
2002,"US_Comm","below_pilot",0,92,211,1069,359,0,0,0,4,0
2002,"US_Comm","below_pilot",0,14,568,2407,535,0,0,0,4,0
2002,"US_Comm","below_pilot",0,105,758,2292,331,0,0,0,0,0
2002,"US_Comm","below_pilot",0,270,954,2897,894,0,0,0,0,0
2002,"US_Comm","below_pilot",0,18,1153,1469,293,0,0,0,0,0
2002,"US_Comm","Canada",0,76,269,269,86,0,0,4,4,0
2002,"US_Sport","above_pilot",0,203,838,644,94,0,0,0,0,9
2002,"US_Subsistence","above_pilot",0,80,357,281,24,0,0,0,0,0
2002,"US_Subsistence","above_pilot",0,89,162,1379,253,0,0,0,0,0
2002,"US_Subsistence","above_pilot",0,13,428,957,116,0,0,0,0,0
2002,"US_Subsistence","above_pilot",0,514,864,462,63,0,0,0,0,0
2002,"US_Subsistence","above_pilot",0,887,608,2042,597,0,0,0,0,0
2002,"US_Subsistence","above_pilot",0,74,934,1609,310,0,0,0,0,0
2002,"US_Subsistence","above_pilot",0,1111,4409,6846,932,0,0,0,0,0
2002,"US_Subsistence","above_pilot",0,147,125,185,23,0,0,0,0,0
2002,"US_Subsistence","below_pilot",0,487,781,214,26,0,0,0,0,0
2002,"US_Subsistence","below_pilot",0,543,355,1052,275,0,0,0,0,0
2002,"US_Subsistence","below_pilot",0,78,936,730,126,0,0,0,0,0
2002,"US_Subsistence","below_pilot",0,140,614,596,88,0,0,0,0,0
2002,"US_Subsistence","below_pilot",0,156,279,2929,935,0,0,0,0,0
2002,"US_Subsistence","below_pilot",0,22,735,2032,428,0,0,0,0,0
2002,"US_Subsistence","Canada",1,908,3265,3316,1037,0,0,47,47,0
2003,"US_Comm","above_pilot",0,0,0,0,0,0,0,0,0,0
2003,"US_Comm","above_pilot",0,0,0,0,0,0,0,0,0,0
2003,"US_Comm","above_pilot",0,0,0,0,0,0,0,0,0,0
2003,"US_Comm","above_pilot",2,27,32,0,0,0,0,0,0,0
2003,"US_Comm","above_pilot",13,102,216,64,14,0,0,0,0,0
2003,"US_Comm","above_pilot",0,3,61,23,5,0,0,0,0,0
2003,"US_Comm","above_pilot",0,56,394,595,77,0,0,3,9,0
2003,"US_Comm","above_pilot",18,208,748,722,108,0,0,4,5,0
2003,"US_Comm","below_pilot",3,51,1666,1800,78,0,0,0,0,9
2003,"US_Comm","below_pilot",4,49,2931,1816,315,0,0,0,0,9
2003,"US_Comm","below_pilot",0,5,1497,11632,1452,0,0,0,0,9
2003,"US_Comm","below_pilot",0,27,352,1529,65,0,0,0,0,0
2003,"US_Comm","below_pilot",0,81,1594,3451,535,0,0,0,0,0
2003,"US_Comm","below_pilot",0,16,2482,3668,482,0,0,0,0,0
2003,"US_Comm","Canada",0,12,717,1666,260,0,0,4,13,0
2003,"US_Sport","above_pilot",41,419,1437,1304,203,0,0,9,11,0
2003,"US_Subsistence","above_pilot",0,6,84,364,14,0,0,0,0,2
2003,"US_Subsistence","above_pilot",0,21,526,1739,223,0,0,0,0,2
2003,"US_Subsistence","above_pilot",0,2,474,1378,166,0,0,0,0,1
2003,"US_Subsistence","above_pilot",0,21,57,39,2,0,0,0,0,0
2003,"US_Subsistence","above_pilot",0,317,1579,799,154,0,0,0,0,0
2003,"US_Subsistence","above_pilot",0,36,1589,6079,1106,0,0,0,93,0
2003,"US_Subsistence","above_pilot",0,1139,6982,9459,1337,0,0,0,99,0
2003,"US_Subsistence","above_pilot",4,123,967,894,148,0,0,0,0,0
2003,"US_Subsistence","below_pilot",0,49,212,0,0,0,0,0,0,0
2003,"US_Subsistence","below_pilot",0,189,1459,1827,208,0,0,0,0,0
2003,"US_Subsistence","below_pilot",0,11,767,1454,156,0,0,0,0,0
2003,"US_Subsistence","below_pilot",0,75,792,35,1,0,0,0,0,0
2003,"US_Subsistence","below_pilot",0,289,2083,1129,120,0,0,0,0,0
2003,"US_Subsistence","below_pilot",0,17,846,3845,436,0,0,0,0,0
2003,"US_Subsistence","Canada",0,30,1865,4332,677,0,0,9,34,0
2004,"US_Comm","above_pilot",0,0,0,0,0,0,0,0,0,0
2004,"US_Comm","above_pilot",0,0,0,0,0,0,0,0,0,0
2004,"US_Comm","above_pilot",0,0,0,0,0,0,0,0,0,0
2004,"US_Comm","above_pilot",0,0,0,0,0,0,0,0,0,0
2004,"US_Comm","above_pilot",0,0,0,0,0,0,0,0,0,0
2004,"US_Comm","above_pilot",0,0,0,0,0,0,0,0,0,0
2004,"US_Comm","above_pilot",0,24,33,0,0,0,0,0,0,0
2004,"US_Comm","above_pilot",0,209,407,597,45,0,0,0,0,0
2004,"US_Comm","below_pilot",2,1002,2507,5487,133,0,16,0,0,0
2004,"US_Comm","below_pilot",2,378,810,4640,81,0,16,0,0,0
2004,"US_Comm","below_pilot",0,439,2083,10580,814,0,16,0,116,0
2004,"US_Comm","below_pilot",0,360,1671,2868,95,0,0,0,0,0
2004,"US_Comm","below_pilot",0,264,1229,5303,308,0,0,0,0,0
2004,"US_Comm","below_pilot",0,284,1674,9633,546,0,0,0,0,0
2004,"US_Comm","Canada",0,137,184,1173,20,0,0,0,0,0
2004,"US_Sport","above_pilot",3,639,563,821,31,0,0,0,0,0
2004,"US_Subsistence","above_pilot",4,43,121,270,12,0,0,0,0,2
2004,"US_Subsistence","above_pilot",1,156,326,1142,98,0,0,0,0,2
2004,"US_Subsistence","above_pilot",0,192,397,1838,125,0,0,0,18,2
2004,"US_Subsistence","above_pilot",5,392,844,3250,235,0,0,0,18,5
2004,"US_Subsistence","above_pilot",0,0,0,582,0,0,0,0,0,0
2004,"US_Subsistence","above_pilot",0,322,1905,6021,439,0,0,0,0,0
2004,"US_Subsistence","above_pilot",0,46,70,116,0,0,0,0,0,0
2004,"US_Subsistence","above_pilot",2,494,436,633,24,0,0,0,0,0
2004,"US_Subsistence","below_pilot",0,99,261,359,0,0,0,0,0,0
2004,"US_Subsistence","below_pilot",0,437,748,1070,65,0,0,0,0,0
2004,"US_Subsistence","below_pilot",0,232,830,1680,98,0,0,0,0,0
2004,"US_Subsistence","below_pilot",5,125,337,492,16,0,0,1,0,0
2004,"US_Subsistence","below_pilot",1,451,906,2084,127,0,0,1,0,0
2004,"US_Subsistence","below_pilot",0,555,1105,3354,163,0,0,1,0,0
2004,"US_Subsistence","Canada",0,184,3181,6931,707,0,0,0,235,0
2005,"US_Comm","above_pilot",0,0,0,0,0,0,0,0,0,0
2005,"US_Comm","above_pilot",0,0,0,0,0,0,0,0,0,0
2005,"US_Comm","above_pilot",0,0,0,0,0,0,0,0,0,0
2005,"US_Comm","above_pilot",0,0,0,0,0,0,0,0,0,0
2005,"US_Comm","above_pilot",0,0,0,0,0,0,0,0,0,0
2005,"US_Comm","above_pilot",0,0,0,0,0,0,0,0,0,0
2005,"US_Comm","above_pilot",0,4,6,0,0,0,0,2,0,0
2005,"US_Comm","above_pilot",0,150,211,91,0,0,0,6,0,0
2005,"US_Comm","above_pilot",0,17,468,494,6,0,0,5,9,0
2005,"US_Comm","above_pilot",0,20,242,184,6,0,0,1,0,0
2005,"US_Comm","below_pilot",0,251,4431,2244,137,0,0,6,0,0
2005,"US_Comm","below_pilot",0,24,726,699,68,0,0,0,7,0
2005,"US_Comm","below_pilot",0,11,2013,5786,504,0,0,21,0,0
2005,"US_Comm","below_pilot",0,560,2039,2334,109,0,0,16,0,0
2005,"US_Comm","below_pilot",0,264,4309,1769,33,0,0,6,0,0
2005,"US_Comm","below_pilot",0,22,1393,3278,130,0,0,9,0,0
2005,"US_Comm","Canada",3,38,1278,2550,144,0,4,49,0,0
2005,"US_Sport","above_pilot",3,674,595,865,33,0,0,0,0,0
2005,"US_Subsistence","above_pilot",0,210,1229,398,8,0,0,0,0,0
2005,"US_Subsistence","above_pilot",0,92,586,373,5,0,0,0,0,0
2005,"US_Subsistence","above_pilot",0,7,859,1264,101,0,0,0,0,0
2005,"US_Subsistence","above_pilot",0,59,343,423,13,0,0,0,0,0
2005,"US_Subsistence","above_pilot",0,450,3040,2364,53,0,0,0,2,0
2005,"US_Subsistence","above_pilot",0,10,2069,4620,426,0,0,14,65,14
2005,"US_Subsistence","above_pilot",0,28,36,0,0,0,0,11,0,0
2005,"US_Subsistence","above_pilot",0,953,1377,613,2,0,0,40,1,0
2005,"US_Subsistence","above_pilot",0,989,6478,6126,68,0,0,99,103,0
2005,"US_Subsistence","above_pilot",0,39,221,208,13,0,0,0,4,0
2005,"US_Subsistence","below_pilot",0,2,42,52,4,0,0,0,0,0
2005,"US_Subsistence","below_pilot",0,148,244,117,2,0,0,1,0,0
2005,"US_Subsistence","below_pilot",0,31,1104,1800,103,0,0,12,0,0
2005,"US_Subsistence","below_pilot",0,362,1970,814,11,0,0,6,0,0
2005,"US_Subsistence","below_pilot",0,158,939,764,6,0,0,6,0,0
2005,"US_Subsistence","below_pilot",0,12,1377,2585,133,0,0,6,8,0
2005,"US_Subsistence","Canada",5,66,2202,4395,249,0,7,85,0,0
2006,"US_Comm","above_pilot",0,0,11,9,0,0,0,0,0,0
2006,"US_Comm","above_pilot",0,2,65,51,2,0,0,1,1,0
2006,"US_Comm","above_pilot",0,3,76,60,3,0,0,1,1,0
2006,"US_Comm","above_pilot",0,0,0,0,0,0,0,0,0,0
2006,"US_Comm","above_pilot",0,0,0,0,0,0,0,0,0,0
2006,"US_Comm","above_pilot",0,0,0,0,0,0,0,0,0,0
2006,"US_Comm","above_pilot",0,16,35,0,0,0,0,0,7,0
2006,"US_Comm","above_pilot",0,149,636,129,4,0,0,0,0,0
2006,"US_Comm","above_pilot",0,24,578,258,4,0,0,0,0,0
2006,"US_Comm","above_pilot",0,6,41,36,1,0,0,0,0,0
2006,"US_Comm","below_pilot",0,275,3692,4388,11,0,0,3,20,0
2006,"US_Comm","below_pilot",0,123,2563,1970,141,0,0,1,0,0
2006,"US_Comm","below_pilot",0,44,5226,5859,229,0,0,0,0,0
2006,"US_Comm","below_pilot",0,245,3118,2761,2,0,0,23,0,0
2006,"US_Comm","below_pilot",0,88,2963,1908,102,0,0,30,0,0
2006,"US_Comm","below_pilot",0,29,4464,4002,99,0,0,0,0,0
2006,"US_Comm","Canada",0,30,1118,1156,25,0,3,0,0,0
2006,"US_Sport","above_pilot",0,95,639,557,23,0,1,3,0,0
2006,"US_Subsistence","above_pilot",0,32,185,167,0,0,0,6,17,0
2006,"US_Subsistence","above_pilot",0,105,1155,750,51,0,0,22,0,0
2006,"US_Subsistence","above_pilot",0,24,1457,1356,46,0,0,0,0,0
2006,"US_Subsistence","above_pilot",0,190,553,258,0,0,0,13,111,0
2006,"US_Subsistence","above_pilot",0,547,2615,2285,130,0,0,35,0,0
2006,"US_Subsistence","above_pilot",0,116,2942,2155,71,0,0,0,0,0
2006,"US_Subsistence","above_pilot",0,10,68,21,0,0,0,0,0,0
2006,"US_Subsistence","above_pilot",0,329,2186,678,14,0,0,0,12,0
2006,"US_Subsistence","above_pilot",0,1289,8558,2654,55,0,0,0,48,0
2006,"US_Subsistence","above_pilot",0,53,358,313,13,0,0,2,0,0
2006,"US_Subsistence","below_pilot",0,100,441,546,2,0,0,0,0,0
2006,"US_Subsistence","below_pilot",0,125,1049,553,59,0,0,0,0,0
2006,"US_Subsistence","below_pilot",0,27,1287,885,47,0,0,0,0,0
2006,"US_Subsistence","below_pilot",0,62,446,442,1,0,0,11,0,0
2006,"US_Subsistence","below_pilot",0,139,1879,906,45,0,0,18,0,0
2006,"US_Subsistence","below_pilot",0,30,2272,1745,43,0,0,0,0,0
2006,"US_Subsistence","Canada",0,86,3232,3342,71,0,10,0,0,0
2007,"US_Comm","above_pilot",0,0,2,5,0,0,0,0,0,0
2007,"US_Comm","above_pilot",0,2,16,49,1,0,0,0,0,0
2007,"US_Comm","above_pilot",0,3,27,84,1,0,0,0,1,0
2007,"US_Comm","above_pilot",0,0,0,0,0,0,0,0,0,0
2007,"US_Comm","above_pilot",0,0,0,0,0,0,0,0,0,0
2007,"US_Comm","above_pilot",0,0,0,0,0,0,0,0,0,0
2007,"US_Comm","above_pilot",0,0,0,2,0,0,0,0,0,0
2007,"US_Comm","above_pilot",0,72,174,175,3,0,1,0,0,0
2007,"US_Comm","above_pilot",0,121,291,391,7,0,3,0,0,0
2007,"US_Comm","above_pilot",6,108,52,111,3,0,0,0,0,0
2007,"US_Comm","below_pilot",0,1027,1285,2835,39,0,0,4,184,0
2007,"US_Comm","below_pilot",0,387,975,4421,27,0,0,2,206,0
2007,"US_Comm","below_pilot",0,271,1324,5923,246,0,0,3,308,0
2007,"US_Comm","below_pilot",0,1152,845,1356,9,0,0,15,0,0
2007,"US_Comm","below_pilot",0,585,955,2331,6,0,0,6,0,0
2007,"US_Comm","below_pilot",0,543,1376,3953,109,0,0,29,36,0
2007,"US_Comm","Canada",0,6,170,380,19,0,1,17,24,0
2007,"US_Sport","above_pilot",9,483,464,887,9,0,0,0,0,0
2007,"US_Subsistence","above_pilot",0,4,39,120,2,0,0,0,1,0
2007,"US_Subsistence","above_pilot",0,40,385,1188,16,0,0,0,8,0
2007,"US_Subsistence","above_pilot",0,70,670,2066,28,0,0,0,14,0
2007,"US_Subsistence","above_pilot",0,127,193,382,3,0,1,0,0,0
2007,"US_Subsistence","above_pilot",0,1010,1601,3267,29,0,10,0,5,0
2007,"US_Subsistence","above_pilot",0,400,1222,3538,31,0,3,0,8,0
2007,"US_Subsistence","above_pilot",0,18,42,47,1,0,0,0,0,0
2007,"US_Subsistence","above_pilot",0,536,1271,1415,31,0,12,0,0,0
2007,"US_Subsistence","above_pilot",0,2247,6178,7156,137,0,48,8,0,0
2007,"US_Subsistence","above_pilot",0,215,259,483,3,0,0,0,0,0
2007,"US_Subsistence","below_pilot",0,65,70,163,0,0,0,0,0,0
2007,"US_Subsistence","below_pilot",0,427,752,1261,0,0,0,0,0,0
2007,"US_Subsistence","below_pilot",0,26,1151,2145,0,0,0,0,0,0
2007,"US_Subsistence","below_pilot",0,86,388,1199,13,0,0,4,8,0
2007,"US_Subsistence","below_pilot",0,162,820,1829,19,0,0,5,12,0
2007,"US_Subsistence","below_pilot",0,216,1090,4611,47,0,0,13,31,0
2007,"US_Subsistence","Canada",3,45,1233,2759,135,0,4,123,174,0
2008,"US_Comm","above_pilot",0,0,0,0,0,0,0,0,0,0
2008,"US_Comm","above_pilot",0,0,0,0,0,0,0,0,0,0
2008,"US_Comm","above_pilot",0,0,0,0,0,0,0,0,0,0
2008,"US_Comm","above_pilot",0,0,0,0,0,0,0,0,0,0
2008,"US_Comm","above_pilot",0,0,0,0,0,0,0,0,0,0
2008,"US_Comm","above_pilot",0,0,0,0,0,0,0,0,0,0
2008,"US_Comm","above_pilot",0,0,0,0,0,0,0,0,0,0
2008,"US_Comm","above_pilot",0,0,0,0,0,0,0,0,0,0
2008,"US_Comm","above_pilot",0,0,0,0,0,0,0,0,0,0
2008,"US_Comm","above_pilot",0,0,0,0,0,0,0,0,0,0
2008,"US_Comm","below_pilot",7,211,1030,464,30,0,6,6,7,0
2008,"US_Comm","below_pilot",0,15,73,35,2,0,0,0,0,0
2008,"US_Comm","below_pilot",1,67,360,194,13,0,2,2,3,0
2008,"US_Comm","below_pilot",0,127,769,435,24,0,5,11,5,0
2008,"US_Comm","below_pilot",0,15,85,45,2,0,0,1,0,0
2008,"US_Comm","below_pilot",0,55,329,184,10,0,2,5,2,0
2008,"US_Comm","Canada",0,0,0,0,0,0,0,0,0,0
2008,"US_Sport","above_pilot",5,72,378,262,12,0,0,0,0,0
2008,"US_Subsistence","above_pilot",0,15,933,826,61,0,0,0,0,0
2008,"US_Subsistence","above_pilot",0,9,576,510,38,0,0,0,0,0
2008,"US_Subsistence","above_pilot",0,24,1468,1299,96,0,0,0,0,0
2008,"US_Subsistence","above_pilot",0,40,1049,756,52,0,0,3,0,0
2008,"US_Subsistence","above_pilot",0,129,2416,1487,103,0,0,11,0,0
2008,"US_Subsistence","above_pilot",0,113,2521,1795,133,0,0,10,0,0
2008,"US_Subsistence","above_pilot",0,34,176,11,0,0,0,0,0,0
2008,"US_Subsistence","above_pilot",0,346,1769,115,0,0,0,0,0,0
2008,"US_Subsistence","above_pilot",0,1129,7112,886,32,0,0,16,0,0
2008,"US_Subsistence","above_pilot",2,25,132,91,4,0,0,0,0,0
2008,"US_Subsistence","below_pilot",0,18,281,162,11,0,0,0,1,0
2008,"US_Subsistence","below_pilot",0,91,1424,818,55,0,0,0,6,0
2008,"US_Subsistence","below_pilot",0,125,1961,1126,75,0,0,0,8,0
2008,"US_Subsistence","below_pilot",2,47,773,464,44,0,0,1,7,0
2008,"US_Subsistence","below_pilot",6,103,1953,1263,125,0,0,3,19,0
2008,"US_Subsistence","below_pilot",8,123,2346,1516,150,0,0,4,23,0
2008,"US_Subsistence","Canada",0,13,1958,1245,135,0,0,75,0,0
2009,"US_Comm","above_pilot",0,0,0,0,0,0,0,0,0,0
2009,"US_Comm","above_pilot",0,0,0,0,0,0,0,0,0,0
2009,"US_Comm","above_pilot",0,0,0,0,0,0,0,0,0,0
2009,"US_Comm","above_pilot",0,0,0,0,0,0,0,0,0,0
2009,"US_Comm","above_pilot",0,0,0,0,0,0,0,0,0,0
2009,"US_Comm","above_pilot",0,0,0,0,0,0,0,0,0,0
2009,"US_Comm","above_pilot",0,0,0,0,0,0,0,0,0,0
2009,"US_Comm","above_pilot",0,0,0,0,0,0,0,0,0,0
2009,"US_Comm","above_pilot",0,0,0,0,0,0,0,0,0,0
2009,"US_Comm","above_pilot",0,0,0,0,0,0,0,0,0,0
2009,"US_Comm","below_pilot",1,31,14,17,0,0,0,0,0,0
2009,"US_Comm","below_pilot",0,6,3,3,0,0,0,0,0,0
2009,"US_Comm","below_pilot",0,8,3,4,0,0,0,0,0,0
2009,"US_Comm","below_pilot",2,78,35,42,0,0,0,0,0,0
2009,"US_Comm","below_pilot",0,15,7,8,0,0,0,0,0,0
2009,"US_Comm","below_pilot",0,19,9,10,0,0,0,0,0,0
2009,"US_Comm","Canada",0,28,121,215,0,0,0,0,0,0
2009,"US_Sport","above_pilot",0,194,161,477,4,0,0,0,0,0
2009,"US_Subsistence","above_pilot",0,123,157,1214,14,0,0,0,0,0
2009,"US_Subsistence","above_pilot",0,54,69,535,6,0,0,0,0,0
2009,"US_Subsistence","above_pilot",0,61,78,606,7,0,0,0,0,0
2009,"US_Subsistence","above_pilot",0,98,106,564,9,0,0,0,7,0
2009,"US_Subsistence","above_pilot",0,607,668,3515,61,0,0,0,48,0
2009,"US_Subsistence","above_pilot",0,413,524,2800,53,0,0,0,42,0
2009,"US_Subsistence","above_pilot",0,13,16,39,0,0,0,0,0,0
2009,"US_Subsistence","above_pilot",0,209,262,765,3,0,0,0,0,0
2009,"US_Subsistence","above_pilot",5,1513,1836,4199,47,0,0,5,5,0
2009,"US_Subsistence","above_pilot",0,328,272,806,6,0,0,0,0,0
2009,"US_Subsistence","below_pilot",0,124,95,497,10,0,0,0,2,0
2009,"US_Subsistence","below_pilot",0,229,176,919,18,0,0,1,3,0
2009,"US_Subsistence","below_pilot",0,350,268,1402,28,0,0,1,5,0
2009,"US_Subsistence","below_pilot",3,151,254,602,10,0,1,3,3,0
2009,"US_Subsistence","below_pilot",5,263,448,1047,17,0,2,5,5,0
2009,"US_Subsistence","below_pilot",9,491,836,1953,32,0,5,9,9,0
2009,"US_Subsistence","Canada",0,340,1460,2594,0,0,0,0,0,0
2010,"US_Comm","above_pilot",0,0,0,0,0,0,0,0,0,0
2010,"US_Comm","above_pilot",0,0,0,0,0,0,0,0,0,0
2010,"US_Comm","above_pilot",0,0,0,0,0,0,0,0,0,0
2010,"US_Comm","above_pilot",0,0,0,0,0,0,0,0,0,0
2010,"US_Comm","above_pilot",0,0,0,0,0,0,0,0,0,0
2010,"US_Comm","above_pilot",0,0,0,0,0,0,0,0,0,0
2010,"US_Comm","above_pilot",0,0,0,0,0,0,0,0,0,0
2010,"US_Comm","above_pilot",0,0,0,0,0,0,0,0,0,0
2010,"US_Comm","above_pilot",0,0,0,0,0,0,0,0,0,0
2010,"US_Comm","above_pilot",0,0,0,0,0,0,0,0,0,0
2010,"US_Comm","below_pilot",5,1289,1791,573,42,0,0,18,7,0
2010,"US_Comm","below_pilot",2,258,384,115,11,0,0,4,1,0
2010,"US_Comm","below_pilot",2,452,593,174,15,0,0,6,1,0
2010,"US_Comm","below_pilot",6,883,1349,428,31,0,0,13,6,0
2010,"US_Comm","below_pilot",2,185,299,88,8,0,0,3,1,0
2010,"US_Comm","below_pilot",2,297,418,118,12,0,0,4,1,0
2010,"US_Comm","Canada",0,0,0,0,0,0,0,0,0,0
2010,"US_Sport","above_pilot",1,74,177,53,3,0,2,2,2,0
2010,"US_Sport","below_pilot",2,61,77,17,1,0,2,1,0,0
2010,"US_Subsistence","above_pilot",0,10,233,158,20,0,0,1,4,0
2010,"US_Subsistence","above_pilot",0,43,999,676,87,0,0,6,19,0
2010,"US_Subsistence","above_pilot",0,48,1115,755,97,0,0,7,21,0
2010,"US_Subsistence","above_pilot",0,82,416,263,23,0,0,7,6,0
2010,"US_Subsistence","above_pilot",1,679,3292,1967,177,0,1,59,53,0
2010,"US_Subsistence","above_pilot",0,489,3078,2009,168,0,0,64,54,0
2010,"US_Subsistence","above_pilot",1,24,53,26,3,0,0,1,1,0
2010,"US_Subsistence","above_pilot",13,488,1103,540,65,0,3,21,15,3
2010,"US_Subsistence","above_pilot",41,1576,4110,1935,224,0,9,84,51,9
2010,"US_Subsistence","above_pilot",5,307,736,222,11,0,8,8,8,0
2010,"US_Subsistence","below_pilot",1,84,672,361,36,0,1,9,2,0
2010,"US_Subsistence","below_pilot",1,122,972,522,53,0,1,13,3,0
2010,"US_Subsistence","below_pilot",2,217,1731,930,94,0,2,23,5,0
2010,"US_Subsistence","below_pilot",0,85,562,275,16,0,0,4,4,0
2010,"US_Subsistence","below_pilot",0,314,2079,1017,60,0,0,15,15,0
2010,"US_Subsistence","below_pilot",0,380,2513,1229,72,0,0,18,18,0
2010,"US_Subsistence","Canada",0,196,1222,1104,78,0,0,16,31,0
2011,"US_Comm","above_pilot",0,0,0,0,0,0,0,0,0,0
2011,"US_Comm","above_pilot",0,0,0,0,0,0,0,0,0,0
2011,"US_Comm","above_pilot",0,0,0,0,0,0,0,0,0,0
2011,"US_Comm","above_pilot",0,0,0,0,0,0,0,0,0,0
2011,"US_Comm","above_pilot",0,0,0,0,0,0,0,0,0,0
2011,"US_Comm","above_pilot",0,0,0,0,0,0,0,0,0,0
2011,"US_Comm","above_pilot",0,0,0,0,0,0,0,0,0,0
2011,"US_Comm","above_pilot",0,0,0,0,0,0,0,0,0,0
2011,"US_Comm","above_pilot",0,0,0,0,0,0,0,0,0,0
2011,"US_Comm","above_pilot",0,0,0,0,0,0,0,0,0,0
2011,"US_Comm","below_pilot",0,0,0,0,0,0,0,0,0,0
2011,"US_Comm","below_pilot",0,0,0,0,0,0,0,0,0,0
2011,"US_Comm","below_pilot",0,0,0,0,0,0,0,0,0,0
2011,"US_Comm","below_pilot",0,0,0,0,0,0,0,0,0,0
2011,"US_Comm","below_pilot",0,0,0,0,0,0,0,0,0,0
2011,"US_Comm","below_pilot",0,0,0,0,0,0,0,0,0,0
2011,"US_Comm","Canada",0,0,0,0,0,0,0,0,0,0
2011,"US_Sport","above_pilot",1,67,150,145,5,0,0,1,1,0
2011,"US_Subsistence","above_pilot",0,0,82,51,0,0,0,1,3,0
2011,"US_Subsistence","above_pilot",0,0,923,575,4,0,0,15,30,0
2011,"US_Subsistence","above_pilot",0,0,1461,910,6,0,0,24,48,0
2011,"US_Subsistence","above_pilot",0,22,203,146,3,0,0,3,5,0
2011,"US_Subsistence","above_pilot",0,162,2531,1958,33,0,0,31,62,0
2011,"US_Subsistence","above_pilot",0,74,2450,2066,34,0,0,37,74,0
2011,"US_Subsistence","above_pilot",0,52,159,165,3,0,1,3,21,0
2011,"US_Subsistence","above_pilot",0,270,810,839,17,0,7,17,106,0
2011,"US_Subsistence","above_pilot",0,1012,3342,3105,69,0,29,83,381,0
2011,"US_Subsistence","above_pilot",3,264,591,569,18,0,2,5,5,0
2011,"US_Subsistence","below_pilot",0,484,938,625,13,0,3,6,16,0
2011,"US_Subsistence","below_pilot",0,190,767,522,10,0,1,3,14,0
2011,"US_Subsistence","below_pilot",0,303,1327,975,20,0,1,5,32,1
2011,"US_Subsistence","below_pilot",1,584,1724,964,16,0,5,19,36,0
2011,"US_Subsistence","below_pilot",1,238,997,577,12,0,2,14,26,0
2011,"US_Subsistence","below_pilot",1,368,1584,917,19,0,3,22,41,0
2011,"US_Subsistence","Canada",0,105,1442,2884,81,0,0,70,302,0
2012,"US_Comm","above_pilot",0,0,0,0,0,0,0,0,0,0
2012,"US_Comm","above_pilot",0,0,0,0,0,0,0,0,0,0
2012,"US_Comm","above_pilot",0,0,0,0,0,0,0,0,0,0
2012,"US_Comm","above_pilot",0,0,0,0,0,0,0,0,0,0
2012,"US_Comm","above_pilot",0,0,0,0,0,0,0,0,0,0
2012,"US_Comm","above_pilot",0,0,0,0,0,0,0,0,0,0
2012,"US_Comm","above_pilot",0,0,0,0,0,0,0,0,0,0
2012,"US_Comm","above_pilot",0,0,0,0,0,0,0,0,0,0
2012,"US_Comm","above_pilot",0,0,0,0,0,0,0,0,0,0
2012,"US_Comm","above_pilot",0,0,0,0,0,0,0,0,0,0
2012,"US_Comm","below_pilot",0,0,0,0,0,0,0,0,0,0
2012,"US_Comm","below_pilot",0,0,0,0,0,0,0,0,0,0
2012,"US_Comm","below_pilot",0,0,0,0,0,0,0,0,0,0
2012,"US_Comm","below_pilot",0,0,0,0,0,0,0,0,0,0
2012,"US_Comm","below_pilot",0,0,0,0,0,0,0,0,0,0
2012,"US_Comm","below_pilot",0,0,0,0,0,0,0,0,0,0
2012,"US_Comm","Canada",0,0,0,0,0,0,0,0,0,0
2012,"US_Sport","above_pilot",0,6,42,64,1,0,0,0,0,0
2012,"US_Subsistence","above_pilot",0,7,110,76,2,0,0,1,0,0
2012,"US_Subsistence","above_pilot",0,37,575,397,13,0,3,5,3,0
2012,"US_Subsistence","above_pilot",0,40,631,436,14,0,3,6,3,0
2012,"US_Subsistence","above_pilot",0,56,502,213,0,0,0,16,4,0
2012,"US_Subsistence","above_pilot",0,308,2625,1126,1,0,0,81,21,0
2012,"US_Subsistence","above_pilot",0,193,1717,730,0,0,0,55,14,0
2012,"US_Subsistence","above_pilot",0,4,24,16,0,0,0,1,1,0
2012,"US_Subsistence","above_pilot",7,108,583,389,7,0,7,36,14,0
2012,"US_Subsistence","above_pilot",33,494,2666,1778,33,0,33,165,66,0
2012,"US_Subsistence","above_pilot",2,39,259,390,8,0,0,0,0,0
2012,"US_Subsistence","below_pilot",0,231,851,661,12,0,2,11,9,0
2012,"US_Subsistence","below_pilot",0,94,456,395,7,0,1,9,7,0
2012,"US_Subsistence","below_pilot",0,146,682,707,12,0,2,9,11,0
2012,"US_Subsistence","below_pilot",2,128,696,462,10,0,2,4,8,0
2012,"US_Subsistence","below_pilot",1,111,1443,1022,32,0,6,12,11,0
2012,"US_Subsistence","below_pilot",2,145,1711,1231,37,0,7,14,16,1
2012,"US_Subsistence","Canada",9,138,637,1205,26,0,9,52,69,0
2013,"US_Sport","above_pilot",0,2,2,6,0,0,0,0,0,0
2013,"US_Subsistence","above_pilot",0,44,60,81,1,0,0,2,1,0
2013,"US_Subsistence","above_pilot",0,12,17,25,0,0,0,1,1,0
2013,"US_Subsistence","above_pilot",0,40,61,93,1,0,0,2,2,0
2013,"US_Subsistence","above_pilot",0,62,121,78,2,0,0,0,2,0
2013,"US_Subsistence","above_pilot",0,222,418,282,8,0,0,1,7,0
2013,"US_Subsistence","above_pilot",0,395,775,497,15,0,0,0,15,0
2013,"US_Subsistence","above_pilot",0,1,5,6,0,0,0,0,0,0
2013,"US_Subsistence","above_pilot",0,109,444,468,0,0,0,24,5,0
2013,"US_Subsistence","above_pilot",0,360,1473,1552,0,0,0,78,16,0
2013,"US_Subsistence","above_pilot",5,83,78,234,8,0,0,1,0,0
2013,"US_Subsistence","below_pilot",0,161,222,298,4,0,0,8,5,0
2013,"US_Subsistence","below_pilot",0,42,62,92,1,0,0,2,2,0
2013,"US_Subsistence","below_pilot",0,146,224,342,5,0,0,8,7,0
2013,"US_Subsistence","below_pilot",0,109,149,201,3,0,0,5,4,0
2013,"US_Subsistence","below_pilot",0,29,42,62,1,0,0,2,1,0
2013,"US_Subsistence","below_pilot",0,99,151,231,4,0,0,6,5,0
2013,"US_Subsistence","Canada",0,89,591,1344,73,0,0,16,32,0
2014,"US_Sport","above_pilot",0,0,0,0,0,0,0,0,0,0
2014,"US_Subsistence","above_pilot",0,6,8,8,0,0,0,0,0,0
2014,"US_Subsistence","above_pilot",0,2,2,2,0,0,0,0,0,0
2014,"US_Subsistence","above_pilot",0,6,7,7,0,0,0,0,0,0
2014,"US_Subsistence","above_pilot",0,2,3,2,0,0,0,0,0,0
2014,"US_Subsistence","above_pilot",0,16,50,15,1,0,0,0,0,0
2014,"US_Subsistence","above_pilot",0,10,20,13,0,0,0,0,0,0
2014,"US_Subsistence","above_pilot",0,1,1,0,0,0,0,0,0,0
2014,"US_Subsistence","above_pilot",5,12,24,8,0,0,0,1,0,0
2014,"US_Subsistence","above_pilot",25,58,112,36,0,0,0,4,0,0
2014,"US_Subsistence","above_pilot",4,28,197,51,2,0,0,1,0,0
2014,"US_Subsistence","below_pilot",0,75.08828983,88.92034322,92.87235848,0.988003814,0,0,2.964011441,0.988003814,0
2014,"US_Subsistence","below_pilot",0,19.47727521,23.06519433,24.09031408,0.256279937,0,0,0.768839811,0.256279937,0
2014,"US_Subsistence","below_pilot",0,66.8985859,79.22200962,82.74298782,0.880244551,0,0,2.640733654,0.880244551,0
2014,"US_Subsistence","below_pilot",0,79,165,161,3,0,0,3,2,0
2014,"US_Subsistence","below_pilot",0,22,128,117,4,0,0,1,2,0
2014,"US_Subsistence","below_pilot",1,74,298,278,8,0,0,3,5,0
2014,"US_Subsistence","below_pilot",1,74,99,93,1,0,0,3,1,0
2014,"US_Subsistence","below_pilot",1,21,38,27,0,0,0,1,0,0
2014,"US_Subsistence","below_pilot",1,67,98,85,1,0,0,3,1,0
2014,"US_Subsistence","Canada",0,7,52,40,1,0,0,1,2,0
2015,"US_Sport","above_pilot",0,7.428571429,3.183673469,2.387755102,0,0,0,0,0,0
2015,"US_Subsistence","above_pilot",0,39.50751234,35.05596166,35.61240549,0,0,0.556443836,1.112887672,0,0
2015,"US_Subsistence","above_pilot",0,51.06356984,45.30992816,46.02913337,0,0,0.719205209,1.438410418,0,0
2015,"US_Subsistence","above_pilot",0,157.8956803,140.1046177,142.3285005,0,0,2.223882821,4.447765642,0,0
2015,"US_Subsistence","above_pilot",0,38.94193113,27.15032977,25.74232682,0,0,0.321168925,0.642337851,0,0
2015,"US_Subsistence","above_pilot",0,209.856239,115.2885946,99.50290075,0,0,0.778295811,1.556591622,0,0
2015,"US_Subsistence","above_pilot",0,119.5508895,69.06252682,60.96421561,0,0,0.547302716,1.094605433,0,0
2015,"US_Subsistence","above_pilot",0.030928571,6.278499846,2.78357136,2.350571371,0.030928571,0,0.030928571,0,0.030928571,0
2015,"US_Subsistence","above_pilot",1.246341098,253.0072428,112.1706988,94.72192342,1.246341098,0,1.246341098,0,1.246341098,0
2015,"US_Subsistence","above_pilot",3.68012922,747.0662316,331.2116298,279.6898207,3.68012922,0,3.68012922,0,3.68012922,0
2015,"US_Subsistence","above_pilot",0,249.7142857,107.0204082,80.26530612,0,0,0,0,0,0
2015,"US_Subsistence","below_pilot",0,119.0491047,43.29058352,79.36606979,0,0,0,0,0,0
2015,"US_Subsistence","below_pilot",0,153.8712997,55.95319988,102.5808664,0,0,0,0,0,0
2015,"US_Subsistence","below_pilot",0,203,74,135,0,0,0,0,0,0
2015,"US_Subsistence","below_pilot",0,152.2614745,75.22246755,199.268207,0.748804269,0,0.249601423,0,0.998405692,0
2015,"US_Subsistence","below_pilot",0,198.6797059,100.4458236,271.297957,1.063492236,0,0.354497412,0,1.417989648,0
2015,"US_Subsistence","below_pilot",0,277.8245001,159.6098345,473.6666042,2.209406329,0,0.736468776,0,2.945875106,0
2015,"US_Subsistence","below_pilot",0,113.5044502,83.51585741,96.10714121,0.023190473,0,1.094064768,2.234510482,0.023190473,0
2015,"US_Subsistence","below_pilot",0,146.7048183,107.9444785,124.2187479,0.029973751,0,1.414081762,2.888111027,0.029973751,0
2015,"US_Subsistence","below_pilot",0,453.6317605,333.7793837,384.1016946,0.09268302,0,4.372538046,8.93044213,0.09268302,0
2015,"US_Subsistence","Canada",3.896440129,129.8813376,414.3214671,605.2470334,14.28694714,0,0,24.67745415,11.68932039,0
2016,"US_Subsistence","above_pilot",38.81410846,61.35133272,53.83892463,5.008272059,0,0,0,2.504136029,0,0
2016,"US_Subsistence","above_pilot",86.66735972,136.9903428,120.2160151,11.18288513,0,0,0,5.591442563,0,0
2016,"US_Subsistence","above_pilot",91.03789001,143.8986003,126.2783636,11.74682452,0,0,0,5.873412259,0,0
2016,"US_Subsistence","above_pilot",0,290.1142979,596.6530931,162.3075511,2.516491496,0,9.535746697,19.33660304,3.642182423,0
2016,"US_Subsistence","above_pilot",0,630.4097821,1271.895753,355.2343399,4.113752341,0,21.89753967,41.07381418,7.531261088,0
2016,"US_Subsistence","above_pilot",0,688.2298357,1443.554711,382.1289969,7.517902896,0,21.27656256,46.95064964,9.078092089,0
2016,"US_Subsistence","above_pilot",0,72.5597264,125.8689131,25.17378263,1.480810743,0,0,2.961621486,0,0
2016,"US_Subsistence","above_pilot",0,543.3119894,942.4799815,188.4959963,11.08799978,0,0,22.17599957,0,0
2016,"US_Subsistence","above_pilot",0,1382.80437,2950.926133,705.6230644,29.49487377,0,0,74.17893674,3.375375375,0
2016,"US_Subsistence","above_pilot",0,284.1363636,492.8896104,98.57792208,5.798701299,0,0,11.5974026,0,0
2016,"US_Subsistence","below_pilot",0,75.55143182,129.8207702,27.66672151,0,0,2.128209347,1.064104674,1.064104674,0
2016,"US_Subsistence","below_pilot",0,59.10599805,101.5624192,21.64444999,0,0,1.664957691,0.832478846,0.832478846,0
2016,"US_Subsistence","below_pilot",0,147.4321998,253.3342025,53.98925627,0,0,4.153019713,2.076509857,2.076509857,0
2016,"US_Subsistence","below_pilot",0.285140622,185.8761922,428.0676152,150.6255882,3.13654684,0,4.918679934,4.312754009,3.457332143,0
2016,"US_Subsistence","below_pilot",0.273593263,149.2051271,360.654355,133.8533805,3.009525896,0,3.898540653,3.727626538,2.906846748,0
2016,"US_Subsistence","below_pilot",0.66780312,371.0747525,892.1390454,329.2390464,7.345834315,0,9.709761389,9.195600971,7.192191613,0
2016,"US_Subsistence","below_pilot",0.087940224,211.2394493,375.2208142,79.77984042,0.219850559,0,5.842649284,3.273085536,2.965294754,0
2016,"US_Subsistence","below_pilot",0.108049002,314.7533974,555.8900699,118.2407641,0.270122504,0,8.733894813,4.799143412,4.420971907,0
2016,"US_Subsistence","below_pilot",0.15028909,365.9041653,649.6650198,138.1366084,0.375722726,0,10.12300253,5.662657628,5.136645812,0
2016,"US_Subsistence","Canada",0,269.8288288,1915.342342,685.6306306,8.846846847,0,0,57.5045045,8.846846847,0
2017,"US_Subsistence","above_pilot",0,25.58100613,137.7438791,65.92028502,0,0,0,0.983884851,0.983884851,0
2017,"US_Subsistence","above_pilot",0,118.1537525,636.2125137,304.4731316,0,0,0,4.544375098,4.544375098,0
2017,"US_Subsistence","above_pilot",0,109.7230262,590.8162948,282.7477982,0,0,0,4.220116391,4.220116391,0
2017,"US_Subsistence","above_pilot",1.304738587,77.63773056,365.5822639,161.4473456,0,0,0,1.459366115,1.506412235,0
2017,"US_Subsistence","above_pilot",13.72425184,678.8645645,3155.017464,1373.171822,0,0,0,8.659513277,16.07071569,0
2017,"US_Subsistence","above_pilot",10.73433888,502.9212503,2352.871117,1029.074218,0,0,0,5.560194516,13.7282574,0
2017,"US_Subsistence","above_pilot",0,8.483973302,84.83973302,65.04379532,0,0,0,2.262392881,0,0
2017,"US_Subsistence","above_pilot",0,147.1397694,1471.397694,1128.071566,0,0,0,39.23727185,0,0
2017,"US_Subsistence","above_pilot",3.399165508,584.3265728,5948.639859,4843.547768,3.399165508,0,10.19749652,159.2195849,23.79415855,0
2017,"US_Subsistence","above_pilot",0,48.6971831,486.971831,373.3450704,0,0,0,12.98591549,0,0
2017,"US_Subsistence","below_pilot",0,57.6435593,127.1114385,57.6435593,0,0,0,2.956079964,1.478039982,0
2017,"US_Subsistence","below_pilot",0,75.46270274,166.4049342,75.46270274,0,0,0,3.869882192,1.934941096,0
2017,"US_Subsistence","below_pilot",0,112.1204103,247.239879,112.1204103,0,0,0,5.749764629,2.874882314,0
2017,"US_Subsistence","below_pilot",0.607701976,220.3673858,558.4748845,313.9473992,1.024542972,0,0.256135743,11.64800455,8.936566677,0
2017,"US_Subsistence","below_pilot",0.369510576,282.3612399,723.7823137,417.6044128,1.533925322,0,0.383481331,15.22835481,11.32867156,0
2017,"US_Subsistence","below_pilot",0.669846255,421.673186,1081.575232,623.416841,2.275756265,0,0.568939066,22.68298212,17.06523454,0
2017,"US_Subsistence","below_pilot",0.067498019,202.738104,577.2920823,310.3069358,4.502291289,0,0.033749009,13.50687387,0.337490094,0
2017,"US_Subsistence","below_pilot",0.112451251,338.725637,964.489072,518.4279729,7.522238544,0,0.056225626,22.56671563,0.562256255,0
2017,"US_Subsistence","below_pilot",0.141805755,376.5626978,1073.500368,577.3205621,8.361757473,0,0.070902877,25.08527242,0.709028774,0
2017,"US_Subsistence","Canada",4.867872045,146.0361613,1611.265647,1640.472879,4.867872045,0,14.60361613,43.8108484,34.07510431,0
2018,"US_Subsistence","above_pilot",5.405150123,61.25836806,109.9047192,82.87896855,3.603433415,0,0,0,3.603433415,0
2018,"US_Subsistence","above_pilot",10.99917607,124.6573288,223.6499134,168.654033,7.332784045,0,0,0,7.332784045,0
2018,"US_Subsistence","above_pilot",20.16324138,228.5167356,409.985908,309.1697011,13.44216092,0,0,0,13.44216092,0
2018,"US_Subsistence","above_pilot",0,72.76715184,242.3907563,235.2968488,4.908255547,0,2.689979618,1.700671522,3.986529672,0
2018,"US_Subsistence","above_pilot",0,383.9225895,1319.836143,1183.841253,26.86162007,0,15.07326548,16.18863654,17.18382583,0
2018,"US_Subsistence","above_pilot",0,431.2162275,1493.510915,1242.551729,39.70197243,0,13.88245867,18.95995441,16.52921531,0
2018,"US_Subsistence","above_pilot",0,24.15949188,47.82593291,25.63864445,0,0,0,0,0.493050855,0
2018,"US_Subsistence","above_pilot",0,552.2102679,1093.150939,586.0190598,0,0,0,0,11.2695973,0
2018,"US_Subsistence","above_pilot",0,2663.008532,5629.810767,3353.967421,22.6,0,0,11.3,55.54629656,0
2018,"US_Subsistence","above_pilot",0,200.9246231,397.7487437,213.2261307,0,0,0,0,4.100502513,0
2018,"US_Subsistence","below_pilot",1.209710176,36.29130529,112.5030464,105.2447853,2.419420353,0,0,0,0,0
2018,"US_Subsistence","below_pilot",1.731175075,51.93525225,160.999282,150.6122315,3.46235015,0,0,0,0,0
2018,"US_Subsistence","below_pilot",2.303246204,69.09738612,214.201897,200.3824197,4.606492408,0,0,0,0,0
2018,"US_Subsistence","below_pilot",2.517973286,84.64869955,307.3511735,339.0054388,8.983396997,0,0,0.607300065,0.910950098,0
2018,"US_Subsistence","below_pilot",3.603385899,121.7401403,444.6780142,493.0689906,13.11681592,0,0,0.909237556,1.363856335,0
2018,"US_Subsistence","below_pilot",4.794133773,164.058405,608.4040551,683.5091304,18.356504,0,0,1.348959454,2.023439181,0
2018,"US_Subsistence","below_pilot",0.172558026,136.2481306,462.1329165,275.2571896,21.74684353,0,0.086279013,3.653233593,3.653233593,0
2018,"US_Subsistence","below_pilot",0.235434502,246.1766407,834.181718,496.1202335,39.44648578,0,0.117717251,6.613653381,6.613653381,0
2018,"US_Subsistence","below_pilot",0.310757472,238.1543783,807.88055,481.2808761,37.99391454,0,0.155378736,6.384112002,6.384112002,0
2018,"US_Subsistence","Canada",0,286.8685714,1199.27,1235.128571,39.84285714,0,0,19.92142857,7.968571429,0
2019,"US_Subsistence","above_pilot",0,61.63389216,235.9697586,184.0211923,2.641452521,0,0.880484174,1.760968347,1.760968347,0
2019,"US_Subsistence","above_pilot",0,125.4214992,480.1851682,374.4727618,5.375207107,0,1.791735702,3.583471405,3.583471405,0
2019,"US_Subsistence","above_pilot",0,229.9175817,880.255884,686.4682081,9.853610642,0,3.284536881,6.569073762,6.569073762,0
2019,"US_Subsistence","above_pilot",0,112.5622218,430.9525062,336.0786336,4.824095219,0,1.60803174,3.216063479,3.216063479,0
2019,"US_Subsistence","above_pilot",0,723.4820516,2769.902712,2160.110697,31.00637364,0,10.33545788,20.67091576,20.67091576,0
2019,"US_Subsistence","above_pilot",0,645.4332041,2471.087124,1927.079138,27.66142303,0,9.220474344,18.44094869,18.44094869,0
2019,"US_Subsistence","above_pilot",0,12.36038769,63.62565466,53.50648481,1.082510387,0,0.052267705,0.474818318,0.474818318,0
2019,"US_Subsistence","above_pilot",0,323.9786977,1469.95566,1201.096621,21.66907058,0,2.877737663,10.96981836,10.96981836,0
2019,"US_Subsistence","above_pilot",0,1140.136815,5919.933018,4987.464238,101.5821979,0,4.432156795,44.17860461,44.17860461,0
2019,"US_Subsistence","above_pilot",0,106.0720721,406.1045045,316.7009009,4.545945946,0,1.515315315,3.030630631,3.030630631,0
2019,"US_Subsistence","below_pilot",0,49.40060981,189.1337633,147.4961064,2.117168992,0,0.705722997,1.411445995,1.411445995,0
2019,"US_Subsistence","below_pilot",0,86.39772166,330.7798486,257.9589118,3.7027595,0,1.234253167,2.468506333,2.468506333,0
2019,"US_Subsistence","below_pilot",0,118.5980649,454.0611628,354.0999367,5.082774211,0,1.69425807,3.388516141,3.388516141,0
2019,"US_Subsistence","below_pilot",4.763836244,409.9713348,1298.118296,1007.502674,20.28006789,0,2.571680966,9.257099115,9.043956305,0
2019,"US_Subsistence","below_pilot",0.809384044,298.3282106,1122.927569,963.2279311,17.43179192,0,3.796715167,7.966792513,10.20956152,0
2019,"US_Subsistence","below_pilot",3.104465663,520.8846977,1847.790954,1537.961274,28.83358514,0,5.405850863,13.12353681,15.56748517,0
2019,"US_Subsistence","below_pilot",2.766059739,368.989803,1260.045738,896.8868543,13.94516818,0,3.72636948,9.58562356,7.136151391,0
2019,"US_Subsistence","below_pilot",0.685853284,382.8092008,1441.371814,1110.119585,16.47414321,0,5.26276331,10.81594244,10.32780789,0
2019,"US_Subsistence","below_pilot",2.127635247,496.9067661,1805.51393,1353.100386,20.65871246,0,6.177025739,13.63563993,11.93102808,0
2019,"US_Subsistence","Canada",0,254.5126354,1451.263538,1245.487365,27.07581227,0,0,10.83032491,10.83032491,0
2020,"US_Subsistence","above_pilot",0.280363603,17.10217978,65.3247195,47.1010853,4.766181251,0,0,1.682181618,0.560727206,0
2020,"US_Subsistence","above_pilot",0.474722798,28.95809069,110.610412,79.7534301,8.07028757,0,0,2.848336789,0.949445596,0
2020,"US_Subsistence","above_pilot",0.650651304,39.68972953,151.6017538,109.309419,11.06107216,0,0,3.903907822,1.301302607,0
2020,"US_Subsistence","above_pilot",0.68235331,41.62355191,158.9883212,114.6353561,11.60000627,0,0,4.09411986,1.36470662,0
2020,"US_Subsistence","above_pilot",3.801255411,231.8765801,885.6925107,638.610909,64.62134198,0,0,22.80753246,7.602510821,0
2020,"US_Subsistence","above_pilot",3.198768328,195.124868,745.3130205,537.3930792,54.37906158,0,0,19.19260997,6.397536657,0
2020,"US_Subsistence","above_pilot",0.523804454,23.83904408,97.52296796,75.09205891,6.507644832,0,0,2.589665751,0.863221917,0
2020,"US_Subsistence","above_pilot",4.95066387,195.1438648,830.5364553,661.7282531,52.59296291,0,0,22.41898563,7.47299521,0
2020,"US_Subsistence","above_pilot",19.50972371,612.8385197,2800.882321,2359.27395,161.1127998,0,0,77.70007227,25.90002409,0
2020,"US_Subsistence","above_pilot",1.157786885,70.625,269.7643443,194.5081967,19.68237705,0,0,6.946721311,2.31557377,0
2020,"US_Subsistence","below_pilot",0,30.97864825,91.05845092,85.42596942,4.693734584,0,0,0,0,0
2020,"US_Subsistence","below_pilot",0,96.49368731,283.6329597,266.0886529,14.62025565,0,0,0,0,0
2020,"US_Subsistence","below_pilot",0,104.4037706,306.8838107,287.9013069,15.81875313,0,0,0,0,0
2020,"US_Subsistence","below_pilot",0,69.60304481,227.0940689,226.5384037,13.77243158,0,0,1.629719665,0,0.543239888
2020,"US_Subsistence","below_pilot",0,207.0038428,620.572985,589.4456161,33.10013685,0,0,0.876815854,0,0.292271951
2020,"US_Subsistence","below_pilot",0,229.0948606,716.8094921,698.4960008,40.93537445,0,0,3.14377123,0,1.047923743
2020,"US_Subsistence","below_pilot",0.253533422,155.3792252,466.9811737,436.4255562,25.08271446,0,0,1.014133686,0.380300132,0
2020,"US_Subsistence","below_pilot",0.160172721,223.77313,664.2395237,622.0973844,34.87819032,0,0,0.640690883,0.240259081,0
2020,"US_Subsistence","below_pilot",0.459258027,263.223405,792.3033146,740.2694407,42.67267453,0,0,1.837032108,0.688887041,0
2020,"US_Subsistence","Canada",5.533957845,121.7470726,902.0351288,1228.538642,71.94145199,0,5.533957845,22.13583138,5.533957845,0
2021,"US_Subsistence","above_pilot",0,0.322335874,2.624734972,1.749823315,0.23023991,0,0,0,0,0
2021,"US_Subsistence","above_pilot",0,0.35993774,2.930921597,1.953947731,0.257098386,0,0,0,0,0
2021,"US_Subsistence","above_pilot",0,0.887819844,7.22939016,4.81959344,0.634157032,0,0,0,0,0
2021,"US_Subsistence","above_pilot",0,0.024884674,0.202632347,0.135088231,0.017774767,0,0,0,0,0
2021,"US_Subsistence","above_pilot",0,0.129652388,1.05574087,0.703827247,0.092608848,0,0,0,0,0
2021,"US_Subsistence","above_pilot",0,0.107145181,0.872467904,0.581645269,0.076532272,0,0,0,0,0
2021,"US_Subsistence","above_pilot",0,0.169150753,3.229859656,2.825844557,0.214082294,0,0,0.089021222,0.029673741,0
2021,"US_Subsistence","above_pilot",0,1.867928577,38.53510098,34.15888265,2.508482202,0,0,1.120872618,0.373624206,0
2021,"US_Subsistence","above_pilot",0,7.603419112,165.7552886,148.20655,10.65874391,0,0,4.99010616,1.66336872,0
2021,"US_Subsistence","above_pilot",0,0.065420561,0.53271028,0.355140187,0.046728972,0,0,0,0,0
2021,"US_Subsistence","below_pilot",0,0.416350504,3.390282673,2.260188448,0.297393217,0,0,0,0,0
2021,"US_Subsistence","below_pilot",0,0.464919581,3.78577373,2.523849153,0.332085415,0,0,0,0,0
2021,"US_Subsistence","below_pilot",0,1.146767299,9.337962289,6.225308193,0.819119499,0,0,0,0,0
2021,"US_Subsistence","below_pilot",0,5.936480491,58.46850962,62.2534113,5.522444101,0.179494125,0,1.256458875,0.7179765,0
2021,"US_Subsistence","below_pilot",0,7.988289008,83.33063184,97.5663945,8.020241686,0.324004935,0,2.268034547,1.296019741,0
2021,"US_Subsistence","below_pilot",0,19.39862682,201.4915105,234.3577416,19.36644853,0.771440112,0,5.400080787,3.08576045,0
2021,"US_Subsistence","below_pilot",0,5.795026952,66.27027382,51.50236926,5.701668209,0,0,0.747797792,0.373898896,0.093474724
2021,"US_Subsistence","below_pilot",0,6.620806985,77.57231062,60.79365644,6.666322755,0,0,0.927194828,0.463597414,0.115899354
2021,"US_Subsistence","below_pilot",0,15.94049073,182.0310957,141.3956498,15.66241537,0,0,2.04680027,1.023400135,0.255850034
2021,"US_Subsistence","Canada",0,6.550458716,138.4954128,145.9816514,8.422018349,0,0,2.80733945,3.743119266,0
2022,"US_Subsistence","above_pilot",0,1.897176983,1.9834123,1.121059126,0.258705952,0,0.086235317,0,0.086235317,0
2022,"US_Subsistence","above_pilot",0,0.76014568,0.794697756,0.449176993,0.103656229,0,0.034552076,0,0.034552076,0
2022,"US_Subsistence","above_pilot",0,2.580772575,2.69808042,1.525001976,0.351923533,0,0.117307844,0,0.117307844,0
2022,"US_Subsistence","above_pilot",0,1.817406371,1.900015752,1.073921947,0.247828142,0,0.082609381,0,0.082609381,0
2022,"US_Subsistence","above_pilot",0,9.176304397,9.593409143,5.422361689,1.251314236,0,0.417104745,0,0.417104745,0
2022,"US_Subsistence","above_pilot",0,7.863432088,8.22086082,4.646573507,1.072286194,0,0.357428731,0,0.357428731,0
2022,"US_Subsistence","above_pilot",0.000321357,1.061358876,3.830986491,2.581649938,0.066671396,0,0.022152386,0.000535595,0.023009338,0.000107119
2022,"US_Subsistence","above_pilot",0.523739917,14.81443036,56.13456835,43.12044837,0.841020491,0,0.163953516,0.872899861,1.560593294,0.174579972
2022,"US_Subsistence","above_pilot",2.944146819,62.54846223,252.0202848,209.8232863,4.880637317,0,0.417068702,4.906911364,8.684793551,0.981382273
2022,"US_Subsistence","above_pilot",0,0.349206349,0.365079365,0.206349206,0.047619048,0,0.015873016,0,0.015873016,0
2022,"US_Subsistence","below_pilot",0,21.37486067,22.34644525,12.63059949,2.914753728,0,0.971584576,0,0.971584576,0
2022,"US_Subsistence","below_pilot",0,8.564307994,8.953594721,5.060727451,1.167860181,0,0.389286727,0,0.389286727,0
2022,"US_Subsistence","below_pilot",0,29.07670435,30.39837273,17.18168893,3.965005139,0,1.32166838,0,1.32166838,0
2022,"US_Subsistence","below_pilot",0,37.13355878,45.1214736,40.75573793,6.439534808,0,1.615474946,0,1.615474946,0.318621994
2022,"US_Subsistence","below_pilot",0,14.98814119,18.62773189,17.69075925,2.689905475,0,0.647275564,0,0.647275564,0.149615757
2022,"US_Subsistence","below_pilot",0,51.97467192,68.68503487,73.55803797,10.22089985,0,2.197566951,0,2.197566951,0.7256398
2022,"US_Subsistence","below_pilot",0,40.46989873,67.35526015,64.14275957,8.328058274,0,1.570552325,0.986291263,2.885607343,0
2022,"US_Subsistence","below_pilot",0,16.92528209,29.08224139,28.2921714,3.585364205,0,0.647029507,0.448438823,1.244947937,0
2022,"US_Subsistence","below_pilot",0,54.85296247,91.03737833,86.52793491,11.25914196,0,2.131478893,1.326737804,3.900462631,0
2022,"US_Subsistence","Canada",0,2.625,18.75,21.75,1.5,0,0,0,0.375,0
