"Year","Fishery.type","River.Section","1.1","1.2","1.3","1.4","1.5","1.6","2.2","2.3","2.4","2.5"
1981,"Commercial","Canada",0,628,2398,5181,386,0,0,0,0,0
1981,"Commercial","above_pilot",0,50,391,616,34,0,0,0,0,0
1981,"Commercial","above_pilot",0,53,119,150,14,0,0,0,0,0
1981,"Commercial","above_pilot",0,466,1779,3843,286,0,0,0,0,0
1981,"Commercial","below_pilot",0,931,7223,18331,1194,0,0,0,0,0
1981,"Commercial","below_pilot",0,430,3584,7453,461,0,0,0,0,0
1981,"Subsistence","Canada",0,695,2656,5738,427,0,0,0,0,0
1981,"Subsistence","above_pilot",0,8,485,697,44,0,0,0,0,0
1981,"Subsistence","above_pilot",0,149,335,423,39,0,0,0,0,0
1981,"Subsistence","above_pilot",0,2090,4692,5914,552,0,0,0,0,0
1981,"Subsistence","below_pilot",0,4,276,398,25,0,0,0,0,0
1981,"Subsistence","below_pilot",0,7,434,624,40,0,0,0,0,0
1982,"Commercial","Canada",0,373,1429,4320,1989,0,31,249,249,0
1982,"Commercial","above_pilot",0,26,126,671,157,0,7,40,14,8
1982,"Commercial","above_pilot",30,13,39,196,58,0,0,0,0,0
1982,"Commercial","above_pilot",410,500,1107,2380,781,0,12,98,97,0
1982,"Commercial","below_pilot",0,244,3073,25960,7359,0,39,361,1271,393
1982,"Commercial","below_pilot",0,145,1587,14916,4233,0,26,326,529,152
1982,"Subsistence","Canada",0,370,1417,4284,1972,0,31,247,247,0
1982,"Subsistence","above_pilot",0,10,135,1879,457,0,0,6,100,3
1982,"Subsistence","above_pilot",116,50,151,757,224,0,0,0,0,0
1982,"Subsistence","above_pilot",978,1192,2639,5674,1862,0,29,234,231,0
1982,"Subsistence","below_pilot",0,15,161,1088,171,0,0,11,51,6
1982,"Subsistence","below_pilot",0,6,85,1180,287,0,0,4,63,2
1983,"Commercial","Canada",0,145,1408,9238,1760,0,0,41,435,0
1983,"Commercial","above_pilot",0,12,145,1315,199,0,0,0,12,0
1983,"Commercial","above_pilot",1,11,16,88,2,0,0,1,2,0
1983,"Commercial","above_pilot",0,338,1249,1799,147,0,7,37,29,0
1983,"Commercial","below_pilot",0,254,4684,33533,4827,0,0,317,2783,92
1983,"Commercial","below_pilot",0,164,1880,13466,2011,0,0,0,223,0
1983,"Subsistence","Canada",0,66,640,4202,800,0,0,19,198,0
1983,"Subsistence","above_pilot",0,4,190,1677,217,0,0,25,75,9
1983,"Subsistence","above_pilot",14,151,220,1211,27,0,0,14,27,0
1983,"Subsistence","above_pilot",0,1571,5804,8360,683,0,33,172,135,0
1983,"Subsistence","below_pilot",0,8,248,2091,179,0,0,64,63,21
1983,"Subsistence","below_pilot",0,8,350,3096,401,0,0,47,139,16
1984,"Commercial","Canada",0,963,2439,4943,1348,0,32,96,64,0
1984,"Commercial","above_pilot",0,0,0,451,119,0,0,0,36,3
1984,"Commercial","above_pilot",0,2,25,116,37,0,0,0,25,0
1984,"Commercial","above_pilot",0,205,992,2044,368,0,0,34,26,0
1984,"Commercial","below_pilot",0,0,0,9791,3022,0,20,232,1268,8
1984,"Commercial","below_pilot",0,0,0,4834,1427,0,3,66,319,5
1984,"Subsistence","Canada",0,673,1705,3455,942,0,23,67,45,0
1984,"Subsistence","above_pilot",0,0,0,609,187,0,0,12,139,0
1984,"Subsistence","above_pilot",0,13,162,751,239,0,0,0,162,0
1984,"Subsistence","above_pilot",0,835,4039,8322,1498,0,0,138,106,0
1984,"Subsistence","below_pilot",0,0,0,625,102,0,0,25,57,0
1984,"Subsistence","below_pilot",0,0,0,905,238,0,0,18,73,2
1985,"Commercial","Canada",0,25,1295,8223,2590,0,0,63,289,88
1985,"Commercial","above_pilot",0,2,189,1272,120,0,0,17,66,7
1985,"Commercial","above_pilot",0,0,66,336,44,0,0,3,3,0
1985,"Commercial","above_pilot",0,175,459,2006,576,0,19,53,84,0
1985,"Commercial","below_pilot",0,16,2023,26601,5264,0,0,47,1717,284
1985,"Commercial","below_pilot",0,8,1444,13765,2869,0,6,181,914,55
1985,"Subsistence","Canada",0,13,693,4400,1386,0,0,34,155,47
1985,"Subsistence","above_pilot",0,0,76,1181,211,0,0,1,95,38
1985,"Subsistence","above_pilot",0,0,618,3148,412,0,0,28,28,0
1985,"Subsistence","above_pilot",0,783,2054,8977,2578,0,85,237,376,0
1985,"Subsistence","below_pilot",0,1,100,978,152,0,0,0,17,0
1985,"Subsistence","below_pilot",0,1,182,2177,450,0,0,0,98,0
1986,"Commercial","Canada",0,0,1661,4865,4034,0,0,119,59,59
1986,"Commercial","above_pilot",0,6,161,188,126,0,0,10,6,2
1986,"Commercial","above_pilot",0,8,31,109,56,0,0,26,16,7
1986,"Commercial","above_pilot",82,628,189,935,562,0,0,136,140,61
1986,"Commercial","below_pilot",0,125,8438,18103,11041,0,0,222,532,121
1986,"Commercial","below_pilot",0,438,8640,8556,5586,0,4,514,330,68
1986,"Subsistence","Canada",0,0,1472,4311,3575,0,0,105,52,52
1986,"Subsistence","above_pilot",0,13,1216,1256,466,0,0,31,29,16
1986,"Subsistence","above_pilot",0,137,530,1865,958,0,0,445,274,120
1986,"Subsistence","above_pilot",478,3656,1100,5444,3272,0,0,792,815,355
1986,"Subsistence","below_pilot",0,15,1472,1441,548,0,0,35,35,19
1986,"Subsistence","below_pilot",0,19,1831,1892,701,0,0,46,44,24
1987,"Commercial","Canada",0,330,851,3867,1043,0,0,137,467,55
1987,"Commercial","above_pilot",0,33,109,944,207,0,1,9,58,2
1987,"Commercial","above_pilot",3,115,173,590,102,0,0,2,17,0
1987,"Commercial","above_pilot",9,272,451,2524,455,0,2,13,32,0
1987,"Commercial","below_pilot",0,965,3101,28040,4961,0,11,229,2780,351
1987,"Commercial","below_pilot",0,1468,2665,21389,4777,0,11,135,1250,60
1987,"Subsistence","Canada",0,531,1370,6224,1679,0,0,220,752,88
1987,"Subsistence","above_pilot",0,7,109,1886,392,0,0,14,250,35
1987,"Subsistence","above_pilot",14,547,823,2805,485,0,0,9,81,0
1987,"Subsistence","above_pilot",43,1395,2312,12926,2331,0,13,68,161,0
1987,"Subsistence","below_pilot",0,19,200,2308,530,0,0,38,482,80
1987,"Subsistence","below_pilot",0,0,169,5074,962,0,0,0,347,27
1988,"Commercial","Canada",0,817,2413,4938,4270,0,0,111,186,482
1988,"Commercial","above_pilot",0,101,298,174,521,0,0,6,15,8
1988,"Commercial","above_pilot",48,559,521,261,473,0,0,46,8,30
1988,"Commercial","above_pilot",6,386,741,798,1329,0,8,20,79,69
1988,"Commercial","below_pilot",0,3106,8328,4734,9477,0,0,186,630,537
1988,"Commercial","below_pilot",0,2220,6073,3204,7373,0,3,128,294,158
1988,"Subsistence","Canada",0,508,1499,3067,2652,0,0,69,116,299
1988,"Subsistence","above_pilot",0,46,549,383,1696,0,0,19,27,78
1988,"Subsistence","above_pilot",137,1598,1489,746,1352,0,0,132,23,86
1988,"Subsistence","above_pilot",32,2080,3993,4300,7161,0,43,108,425,372
1988,"Subsistence","below_pilot",0,33,463,307,1565,0,0,18,24,72
1988,"Subsistence","below_pilot",0,47,483,352,1355,0,0,14,22,63
1989,"Commercial","Canada",0,96,1003,6479,2017,0,0,0,97,97
1989,"Commercial","above_pilot",0,82,206,254,66,0,8,5,21,7
1989,"Commercial","above_pilot",65,461,564,269,0,0,0,6,0,0
1989,"Commercial","above_pilot",11,529,877,1439,213,0,11,95,111,0
1989,"Commercial","below_pilot",0,1937,6662,15411,3289,0,224,254,1189,437
1989,"Commercial","below_pilot",4,1386,4540,7092,1769,0,93,338,701,210
1989,"Subsistence","Canada",0,80,836,5397,1680,0,0,0,81,81
1989,"Subsistence","above_pilot",0,91,656,1411,366,0,8,93,156,43
1989,"Subsistence","above_pilot",193,1368,1673,798,0,0,0,18,0,0
1989,"Subsistence","above_pilot",74,3562,5905,9689,1434,0,74,640,747,0
1989,"Subsistence","below_pilot",0,21,586,1533,402,0,0,0,136,61
1989,"Subsistence","below_pilot",0,137,981,2110,547,0,12,139,234,64
1990,"Commercial","Canada",0,2746,3574,3658,525,0,222,357,188,54
1990,"Commercial","above_pilot",0,215,180,417,52,0,0,4,16,0
1990,"Commercial","above_pilot",0,831,357,389,51,0,14,2,9,0
1990,"Commercial","above_pilot",0,816,1062,1087,156,0,66,106,56,16
1990,"Commercial","below_pilot",0,2549,5998,12019,1498,0,311,186,1138,58
1990,"Commercial","below_pilot",0,3634,3852,5904,965,0,39,158,208,9
1990,"Subsistence","Canada",0,1916,2494,2553,367,0,155,249,132,37
1990,"Subsistence","above_pilot",0,376,315,729,91,0,0,7,28,0
1990,"Subsistence","above_pilot",0,2461,1057,1152,151,0,41,6,27,0
1990,"Subsistence","above_pilot",0,3941,5129,5250,754,0,319,512,271,77
1990,"Subsistence","below_pilot",0,412,871,1830,203,0,44,25,152,8
1990,"Subsistence","below_pilot",0,18,502,1479,248,0,4,15,60,3
1991,"Commercial","Canada",0,579,5482,3988,624,0,77,125,31,0
1991,"Commercial","above_pilot",0,2,184,343,64,0,3,6,12,1
1991,"Commercial","above_pilot",0,11,340,236,17,0,0,15,35,0
1991,"Commercial","above_pilot",0,203,1923,1399,219,0,27,44,11,0
1991,"Commercial","below_pilot",0,15,6306,10407,2431,0,0,303,603,71
1991,"Commercial","below_pilot",0,16,3603,6177,973,0,14,157,163,11
1991,"Subsistence","Canada",0,515,4876,3547,555,0,68,112,28,0
1991,"Subsistence","above_pilot",0,3,250,466,87,0,4,8,16,1
1991,"Subsistence","above_pilot",0,31,977,678,49,0,0,43,100,0
1991,"Subsistence","above_pilot",0,862,8166,5941,930,0,115,187,47,0
1991,"Subsistence","below_pilot",0,25,1332,1100,232,0,0,49,110,24
1991,"Subsistence","below_pilot",0,0,992,1745,252,0,0,43,0,0
1992,"Commercial","Canada",0,1636,3719,5412,37,0,0,73,0,0
1992,"Commercial","above_pilot",0,0,68,650,35,0,0,0,5,0
1992,"Commercial","above_pilot",9,0,256,267,29,0,0,0,0,0
1992,"Commercial","above_pilot",0,580,1318,1918,13,0,0,26,0,0
1992,"Commercial","below_pilot",0,242,5856,36292,1315,0,0,76,228,2
1992,"Commercial","below_pilot",0,51,2337,15721,628,0,0,36,189,30
1992,"Subsistence","Canada",0,1057,2402,3496,24,0,0,47,0,0
1992,"Subsistence","above_pilot",0,0,178,1706,92,0,0,0,13,0
1992,"Subsistence","above_pilot",27,0,774,807,88,0,0,0,0,0
1992,"Subsistence","above_pilot",0,2656,6035,8783,60,0,0,119,0,0
1992,"Subsistence","below_pilot",0,5,300,3297,107,0,0,0,29,0
1992,"Subsistence","below_pilot",0,3,284,3483,131,0,0,0,70,37
1993,"Commercial","Canada",0,3173,3169,3413,423,0,0,38,117,17
1993,"Commercial","above_pilot",0,7,127,438,90,0,0,5,7,0
1993,"Commercial","above_pilot",0,72,189,162,20,0,3,8,0,0
1993,"Commercial","above_pilot",0,922,921,992,123,0,0,11,34,5
1993,"Commercial","below_pilot",0,157,3902,12570,3205,0,0,145,513,4
1993,"Commercial","below_pilot",5,227,4386,9891,2327,0,0,111,356,4
1993,"Subsistence","Canada",0,1919,1917,2065,256,0,0,23,71,10
1993,"Subsistence","above_pilot",0,4,750,1950,451,0,0,9,55,4
1993,"Subsistence","above_pilot",0,529,1388,1190,147,0,22,59,0,0
1993,"Subsistence","above_pilot",0,5945,5939,6396,793,0,0,71,219,32
1993,"Subsistence","below_pilot",0,7,1207,3139,726,0,0,15,89,7
1993,"Subsistence","below_pilot",0,8,1333,3468,802,0,0,16,98,8
1994,"Commercial","Canada",55,1558,6907,3135,373,0,0,0,0,0
1994,"Commercial","above_pilot",0,2,199,272,21,0,0,1,7,0
1994,"Commercial","above_pilot",5,18,636,308,25,0,0,0,0,0
1994,"Commercial","above_pilot",17,485,2150,976,116,0,0,0,0,0
1994,"Commercial","below_pilot",1,188,15525,17131,1807,0,0,63,262,5
1994,"Commercial","below_pilot",0,56,7979,10693,1091,0,0,41,0,104
1994,"Subsistence","Canada",42,1190,5277,2396,285,0,0,0,0,0
1994,"Subsistence","above_pilot",0,10,1047,1430,111,0,0,5,37,0
1994,"Subsistence","above_pilot",21,74,2632,1275,99,0,0,0,0,0
1994,"Subsistence","above_pilot",87,2475,10970,4980,592,0,0,0,0,0
1994,"Subsistence","below_pilot",4,21,1914,1880,247,0,0,0,21,0
1994,"Subsistence","below_pilot",5,29,2599,2553,335,0,0,0,0,29
1995,"Commercial","Canada",0,1561,2953,6343,210,0,0,34,45,0
1995,"Commercial","above_pilot",0,0,0,0,0,0,0,0,0,0
1995,"Commercial","above_pilot",0,0,11,91,16,0,0,1,0,0
1995,"Commercial","above_pilot",0,454,859,1845,61,0,0,10,13,0
1995,"Commercial","below_pilot",0,485,4596,31136,2031,0,0,34,8,18
1995,"Commercial","below_pilot",6,103,2297,22146,807,0,86,47,2,0
1995,"Subsistence","Canada",0,1364,2581,5544,183,0,0,30,39,0
1995,"Subsistence","above_pilot",0,29,246,3080,169,0,23,8,0,0
1995,"Subsistence","above_pilot",0,0,261,0,16,0,0,1483,261,0
1995,"Subsistence","above_pilot",0,2301,4354,9351,309,0,0,51,66,0
1995,"Subsistence","below_pilot",0,67,455,3796,125,0,0,5,0,0
1995,"Subsistence","below_pilot",0,14,226,4729,344,0,64,16,0,0
1996,"Commercial","Canada",0,712,4782,3860,810,0,0,0,0,0
1996,"Commercial","above_pilot",0,0,0,0,0,0,0,0,0,0
1996,"Commercial","above_pilot",0,0,38,29,11,0,0,0,6,0
1996,"Commercial","above_pilot",0,129,1776,613,123,0,14,82,20,0
1996,"Commercial","below_pilot",0,65,13306,13174,7901,0,0,232,91,48
1996,"Commercial","below_pilot",1,46,11980,4409,2802,0,0,178,79,1
1996,"Subsistence","Canada",0,666,4473,3611,758,0,0,0,0,0
1996,"Subsistence","above_pilot",0,11,2724,853,572,0,0,19,20,0
1996,"Subsistence","above_pilot",0,0,2198,1686,660,0,0,0,366,0
1996,"Subsistence","above_pilot",0,728,10026,3460,694,0,79,463,113,0
1996,"Subsistence","below_pilot",0,2,1021,0,11,0,0,684,535,19
1996,"Subsistence","below_pilot",0,16,3567,753,428,0,0,21,15,0
1997,"Commercial","Canada",0,537,939,3542,123,0,0,30,140,0
1997,"Commercial","above_pilot",0,0,0,0,0,0,0,0,0,0
1997,"Commercial","above_pilot",0,28,200,509,9,0,0,0,0,0
1997,"Commercial","above_pilot",0,372,650,2453,85,0,0,21,97,0
1997,"Commercial","below_pilot",0,200,4414,25254,828,0,0,0,42,0
1997,"Commercial","below_pilot",0,343,3291,16126,304,0,0,0,32,0
1997,"Subsistence","Canada",0,1135,1982,7481,259,0,0,64,296,0
1997,"Subsistence","above_pilot",0,69,652,2723,65,0,0,0,12,0
1997,"Subsistence","above_pilot",0,219,1567,3988,71,0,0,0,0,0
1997,"Subsistence","above_pilot",0,1794,3134,11828,410,0,0,101,468,0
1997,"Subsistence","below_pilot",0,39,776,2875,101,0,0,0,23,0
1997,"Subsistence","below_pilot",0,188,973,4775,53,0,0,0,0,0
1998,"Commercial","Canada",0,13,193,143,41,0,0,0,0,0
1998,"Commercial","above_pilot",0,0,0,0,0,0,0,0,0,0
1998,"Commercial","above_pilot",0,0,0,0,0,0,0,0,0,0
1998,"Commercial","above_pilot",0,8,258,185,66,0,0,0,0,0
1998,"Commercial","below_pilot",0,36,4159,5534,1399,0,0,21,29,3
1998,"Commercial","below_pilot",0,9,1983,2847,750,0,0,16,14,0
1998,"Subsistence","Canada",0,185,2745,2034,583,0,0,0,0,0
1998,"Subsistence","above_pilot",0,0,452,1460,355,0,0,10,16,0
1998,"Subsistence","above_pilot",0,4,936,2604,606,0,0,30,43,6
1998,"Subsistence","above_pilot",0,226,7297,5233,1867,0,0,0,0,0
1998,"Subsistence","below_pilot",0,0,726,2343,569,0,0,17,25,0
1998,"Subsistence","below_pilot",0,0,948,3059,743,0,0,22,33,0
1999,"Commercial","Canada",0,0,616,2504,20,0,0,0,20,0
1999,"Commercial","above_pilot",0,0,31,125,2,0,0,0,1,0
1999,"Commercial","above_pilot",0,39,257,584,11,0,0,0,0,0
1999,"Commercial","above_pilot",0,224,914,1414,52,0,0,0,0,0
1999,"Commercial","below_pilot",0,24,1624,9562,199,0,0,10,47,0
1999,"Commercial","below_pilot",0,28,1543,10017,287,0,0,8,39,0
1999,"Subsistence","Canada",0,1,1799,7378,60,0,0,0,57,0
1999,"Subsistence","above_pilot",0,11,457,3643,99,0,0,0,0,0
1999,"Subsistence","above_pilot",0,66,1413,5912,88,0,0,0,0,0
1999,"Subsistence","above_pilot",0,1219,4973,7693,283,0,0,0,0,0
1999,"Subsistence","below_pilot",0,1,209,2062,30,0,0,5,5,0
1999,"Subsistence","below_pilot",0,15,618,4930,134,0,0,0,0,0
2000,"Commercial","Canada",0,22,1007,16,0,0,0,2554,519,0
2000,"Commercial","above_pilot",0,0,0,0,0,0,0,0,0,0
2000,"Commercial","above_pilot",0,0,0,0,0,0,0,0,0,0
2000,"Commercial","above_pilot",0,0,0,0,0,0,0,0,0,0
2000,"Commercial","below_pilot",0,2,377,958,191,0,0,0,7,0
2000,"Commercial","below_pilot",0,1,418,729,165,0,0,0,10,0
2000,"Subsistence","Canada",0,4,186,3,0,0,0,472,96,0
2000,"Subsistence","above_pilot",0,2,387,651,170,0,0,0,4,0
2000,"Subsistence","above_pilot",0,28,1541,1807,586,0,0,0,0,0
2000,"Subsistence","above_pilot",0,62,3404,3991,1294,0,0,0,0,0
2000,"Subsistence","below_pilot",0,4,647,1391,229,0,0,0,10,0
2000,"Subsistence","below_pilot",0,5,829,1794,435,0,0,7,7,0
2001,"Commercial","Canada",0,4,431,845,71,0,0,0,0,0
2001,"Commercial","above_pilot",0,0,0,0,0,0,0,0,0,0
2001,"Commercial","above_pilot",0,0,0,0,0,0,0,0,0,0
2001,"Commercial","above_pilot",0,0,0,0,0,0,0,0,0,0
2001,"Commercial","below_pilot",0,0,0,0,0,0,0,0,0,0
2001,"Commercial","below_pilot",0,0,0,0,0,0,0,0,0,0
2001,"Subsistence","Canada",0,25,2775,5479,466,0,0,0,0,0
2001,"Subsistence","above_pilot",0,1,282,1103,118,0,0,0,2,0
2001,"Subsistence","above_pilot",0,11,733,2253,340,0,0,21,11,0
2001,"Subsistence","above_pilot",0,3315,5894,4329,0,0,0,0,0,0
2001,"Subsistence","below_pilot",0,5,409,1046,193,0,0,0,3,0
2001,"Subsistence","below_pilot",0,1,486,2372,397,0,0,0,0,0
2002,"Commercial","Canada",0,76,269,269,86,0,0,4,4,0
2002,"Commercial","above_pilot",0,0,0,0,0,0,0,0,0,0
2002,"Commercial","above_pilot",0,0,0,0,0,0,0,0,0,0
2002,"Commercial","above_pilot",0,67,252,396,56,0,0,0,0,0
2002,"Commercial","below_pilot",0,14,568,2407,535,0,0,0,4,0
2002,"Commercial","below_pilot",0,18,1153,1469,293,0,0,0,0,0
2002,"Subsistence","Canada",1,908,3265,3316,1037,0,0,47,47,0
2002,"Subsistence","above_pilot",0,13,428,957,116,0,0,0,0,0
2002,"Subsistence","above_pilot",0,74,934,1609,310,0,0,0,0,0
2002,"Subsistence","above_pilot",0,1111,4409,6846,932,0,0,0,0,0
2002,"Subsistence","below_pilot",0,78,936,730,126,0,0,0,0,0
2002,"Subsistence","below_pilot",0,22,735,2032,428,0,0,0,0,0
2003,"Commercial","Canada",0,12,717,1666,260,0,0,4,13,0
2003,"Commercial","above_pilot",0,0,0,0,0,0,0,0,0,0
2003,"Commercial","above_pilot",0,3,61,23,5,0,0,0,0,0
2003,"Commercial","above_pilot",0,56,394,595,77,0,0,3,9,0
2003,"Commercial","below_pilot",0,5,1497,11632,1452,0,0,0,0,9
2003,"Commercial","below_pilot",0,16,2482,3668,482,0,0,0,0,0
2003,"Subsistence","Canada",0,30,1865,4332,677,0,0,9,34,0
2003,"Subsistence","above_pilot",0,2,474,1378,166,0,0,0,0,1
2003,"Subsistence","above_pilot",0,36,1589,6079,1106,0,0,0,93,0
2003,"Subsistence","above_pilot",0,1139,6982,9459,1337,0,0,0,99,0
2003,"Subsistence","below_pilot",0,11,767,1454,156,0,0,0,0,0
2003,"Subsistence","below_pilot",0,17,846,3845,436,0,0,0,0,0
2004,"Commercial","Canada",0,137,184,1173,20,0,0,0,0,0
2004,"Commercial","above_pilot",0,0,0,0,0,0,0,0,0,0
2004,"Commercial","above_pilot",0,0,0,0,0,0,0,0,0,0
2004,"Commercial","above_pilot",0,24,33,0,0,0,0,0,0,0
2004,"Commercial","below_pilot",0,439,2083,10580,814,0,16,0,116,0
2004,"Commercial","below_pilot",0,284,1674,9633,546,0,0,0,0,0
2004,"Subsistence","Canada",0,184,3181,6931,707,0,0,0,235,0
2004,"Subsistence","above_pilot",0,192,397,1838,125,0,0,0,18,2
2004,"Subsistence","above_pilot",0,322,1905,6021,439,0,0,0,0,0
2004,"Subsistence","above_pilot",0,46,70,116,0,0,0,0,0,0
2004,"Subsistence","below_pilot",0,232,830,1680,98,0,0,0,0,0
2004,"Subsistence","below_pilot",0,555,1105,3354,163,0,0,1,0,0
2005,"Commercial","Canada",3,38,1278,2550,144,0,4,49,0,0
2005,"Commercial","above_pilot",0,0,0,0,0,0,0,0,0,0
2005,"Commercial","above_pilot",0,0,0,0,0,0,0,0,0,0
2005,"Commercial","above_pilot",0,17,468,494,6,0,0,5,9,0
2005,"Commercial","below_pilot",0,11,2013,5786,504,0,0,21,0,0
2005,"Commercial","below_pilot",0,22,1393,3278,130,0,0,9,0,0
2005,"Subsistence","Canada",5,66,2202,4395,249,0,7,85,0,0
2005,"Subsistence","above_pilot",0,7,859,1264,101,0,0,0,0,0
2005,"Subsistence","above_pilot",0,10,2069,4620,426,0,0,14,65,14
2005,"Subsistence","above_pilot",0,989,6478,6126,68,0,0,99,103,0
2005,"Subsistence","below_pilot",0,31,1104,1800,103,0,0,12,0,0
2005,"Subsistence","below_pilot",0,12,1377,2585,133,0,0,6,8,0
2006,"Commercial","Canada",0,30,1118,1156,25,0,3,0,0,0
2006,"Commercial","above_pilot",0,3,76,60,3,0,0,1,1,0
2006,"Commercial","above_pilot",0,0,0,0,0,0,0,0,0,0
2006,"Commercial","above_pilot",0,24,578,258,4,0,0,0,0,0
2006,"Commercial","below_pilot",0,44,5226,5859,229,0,0,0,0,0
2006,"Commercial","below_pilot",0,29,4464,4002,99,0,0,0,0,0
2006,"Subsistence","Canada",0,86,3232,3342,71,0,10,0,0,0
2006,"Subsistence","above_pilot",0,24,1457,1356,46,0,0,0,0,0
2006,"Subsistence","above_pilot",0,116,2942,2155,71,0,0,0,0,0
2006,"Subsistence","above_pilot",0,1289,8558,2654,55,0,0,0,48,0
2006,"Subsistence","below_pilot",0,27,1287,885,47,0,0,0,0,0
2006,"Subsistence","below_pilot",0,30,2272,1745,43,0,0,0,0,0
2007,"Commercial","Canada",0,6,170,380,19,0,1,17,24,0
2007,"Commercial","above_pilot",0,3,27,84,1,0,0,0,1,0
2007,"Commercial","above_pilot",0,0,0,0,0,0,0,0,0,0
2007,"Commercial","above_pilot",0,121,291,391,7,0,3,0,0,0
2007,"Commercial","below_pilot",0,271,1324,5923,246,0,0,3,308,0
2007,"Commercial","below_pilot",0,543,1376,3953,109,0,0,29,36,0
2007,"Subsistence","Canada",3,45,1233,2759,135,0,4,123,174,0
2007,"Subsistence","above_pilot",0,70,670,2066,28,0,0,0,14,0
2007,"Subsistence","above_pilot",0,400,1222,3538,31,0,3,0,8,0
2007,"Subsistence","above_pilot",0,2247,6178,7156,137,0,48,8,0,0
2007,"Subsistence","below_pilot",0,26,1151,2145,0,0,0,0,0,0
2007,"Subsistence","below_pilot",0,216,1090,4611,47,0,0,13,31,0
2008,"Commercial","Canada",0,0,0,0,0,0,0,0,0,0
2008,"Commercial","above_pilot",0,0,0,0,0,0,0,0,0,0
2008,"Commercial","above_pilot",0,0,0,0,0,0,0,0,0,0
2008,"Commercial","above_pilot",0,0,0,0,0,0,0,0,0,0
2008,"Commercial","below_pilot",1,67,360,194,13,0,2,2,3,0
2008,"Commercial","below_pilot",0,55,329,184,10,0,2,5,2,0
2008,"Subsistence","Canada",0,13,1958,1245,135,0,0,75,0,0
2008,"Subsistence","above_pilot",0,24,1468,1299,96,0,0,0,0,0
2008,"Subsistence","above_pilot",0,113,2521,1795,133,0,0,10,0,0
2008,"Subsistence","above_pilot",0,1129,7112,886,32,0,0,16,0,0
2008,"Subsistence","below_pilot",0,125,1961,1126,75,0,0,0,8,0
2008,"Subsistence","below_pilot",8,123,2346,1516,150,0,0,4,23,0
2009,"Commercial","Canada",0,28,121,215,0,0,0,0,0,0
2009,"Commercial","above_pilot",0,0,0,0,0,0,0,0,0,0
2009,"Commercial","above_pilot",0,0,0,0,0,0,0,0,0,0
2009,"Commercial","above_pilot",0,0,0,0,0,0,0,0,0,0
2009,"Commercial","below_pilot",0,8,3,4,0,0,0,0,0,0
2009,"Commercial","below_pilot",0,19,9,10,0,0,0,0,0,0
2009,"Subsistence","Canada",0,340,1460,2594,0,0,0,0,0,0
2009,"Subsistence","above_pilot",0,61,78,606,7,0,0,0,0,0
2009,"Subsistence","above_pilot",0,413,524,2800,53,0,0,0,42,0
2009,"Subsistence","above_pilot",5,1513,1836,4199,47,0,0,5,5,0
2009,"Subsistence","below_pilot",0,350,268,1402,28,0,0,1,5,0
2009,"Subsistence","below_pilot",9,491,836,1953,32,0,5,9,9,0
2010,"Commercial","Canada",0,0,0,0,0,0,0,0,0,0
2010,"Commercial","above_pilot",0,0,0,0,0,0,0,0,0,0
2010,"Commercial","above_pilot",0,0,0,0,0,0,0,0,0,0
2010,"Commercial","above_pilot",0,0,0,0,0,0,0,0,0,0
2010,"Commercial","below_pilot",2,452,593,174,15,0,0,6,1,0
2010,"Commercial","below_pilot",2,297,418,118,12,0,0,4,1,0
2010,"Subsistence","Canada",0,196,1222,1104,78,0,0,16,31,0
2010,"Subsistence","above_pilot",0,48,1115,755,97,0,0,7,21,0
2010,"Subsistence","above_pilot",0,489,3078,2009,168,0,0,64,54,0
2010,"Subsistence","above_pilot",41,1576,4110,1935,224,0,9,84,51,9
2010,"Subsistence","below_pilot",2,217,1731,930,94,0,2,23,5,0
2010,"Subsistence","below_pilot",0,380,2513,1229,72,0,0,18,18,0
2011,"Commercial","Canada",0,0,0,0,0,0,0,0,0,0
2011,"Commercial","above_pilot",0,0,0,0,0,0,0,0,0,0
2011,"Commercial","above_pilot",0,0,0,0,0,0,0,0,0,0
2011,"Commercial","above_pilot",0,0,0,0,0,0,0,0,0,0
2011,"Commercial","below_pilot",0,0,0,0,0,0,0,0,0,0
2011,"Commercial","below_pilot",0,0,0,0,0,0,0,0,0,0
2011,"Subsistence","Canada",0,105,1442,2884,81,0,0,70,302,0
2011,"Subsistence","above_pilot",0,0,1461,910,6,0,0,24,48,0
2011,"Subsistence","above_pilot",0,74,2450,2066,34,0,0,37,74,0
2011,"Subsistence","above_pilot",0,1012,3342,3105,69,0,29,83,381,0
2011,"Subsistence","below_pilot",0,303,1327,975,20,0,1,5,32,1
2011,"Subsistence","below_pilot",1,368,1584,917,19,0,3,22,41,0
2012,"Commercial","Canada",0,0,0,0,0,0,0,0,0,0
2012,"Commercial","above_pilot",0,0,0,0,0,0,0,0,0,0
2012,"Commercial","above_pilot",0,0,0,0,0,0,0,0,0,0
2012,"Commercial","above_pilot",0,0,0,0,0,0,0,0,0,0
2012,"Commercial","below_pilot",0,0,0,0,0,0,0,0,0,0
2012,"Commercial","below_pilot",0,0,0,0,0,0,0,0,0,0
2012,"Subsistence","Canada",9,138,637,1205,26,0,9,52,69,0
2012,"Subsistence","above_pilot",0,40,631,436,14,0,3,6,3,0
2012,"Subsistence","above_pilot",0,193,1717,730,0,0,0,55,14,0
2012,"Subsistence","above_pilot",33,494,2666,1778,33,0,33,165,66,0
2012,"Subsistence","below_pilot",0,146,682,707,12,0,2,9,11,0
2012,"Subsistence","below_pilot",2,145,1711,1231,37,0,7,14,16,1
2013,"Subsistence","Canada",0,89,591,1344,73,0,0,16,32,0
2013,"Subsistence","above_pilot",0,40,61,93,1,0,0,2,2,0
2013,"Subsistence","above_pilot",0,395,775,497,15,0,0,0,15,0
2013,"Subsistence","above_pilot",0,360,1473,1552,0,0,0,78,16,0
2013,"Subsistence","below_pilot",0,146,224,342,5,0,0,8,7,0
2013,"Subsistence","below_pilot",0,99,151,231,4,0,0,6,5,0
2014,"Subsistence","Canada",0,7,52,40,1,0,0,1,2,0
2014,"Subsistence","above_pilot",0,6,7,7,0,0,0,0,0,0
2014,"Subsistence","above_pilot",0,10,20,13,0,0,0,0,0,0
2014,"Subsistence","above_pilot",25,58,112,36,0,0,0,4,0,0
2014,"Subsistence","below_pilot",0,66.8985859,79.22200962,82.74298782,0.880244551,0,0,2.640733654,0.880244551,0
2014,"Subsistence","below_pilot",1,74,298,278,8,0,0,3,5,0
2014,"Subsistence","below_pilot",1,67,98,85,1,0,0,3,1,0
2015,"Subsistence","Canada",3.896440129,129.8813376,414.3214671,605.2470334,14.28694714,0,0,24.67745415,11.68932039,0
2015,"Subsistence","above_pilot",0,157.8956803,140.1046177,142.3285005,0,0,2.223882821,4.447765642,0,0
2015,"Subsistence","above_pilot",0,119.5508895,69.06252682,60.96421561,0,0,0.547302716,1.094605433,0,0
2015,"Subsistence","above_pilot",3.68012922,747.0662316,331.2116298,279.6898207,3.68012922,0,3.68012922,0,3.68012922,0
2015,"Subsistence","below_pilot",0,203,74,135,0,0,0,0,0,0
2015,"Subsistence","below_pilot",0,277.8245001,159.6098345,473.6666042,2.209406329,0,0.736468776,0,2.945875106,0
2015,"Subsistence","below_pilot",0,453.6317605,333.7793837,384.1016946,0.09268302,0,4.372538046,8.93044213,0.09268302,0
2016,"Subsistence","Canada",0,269.8288288,1915.342342,685.6306306,8.846846847,0,0,57.5045045,8.846846847,0
2016,"Subsistence","above_pilot",91.03789001,143.8986003,126.2783636,11.74682452,0,0,0,5.873412259,0,0
2016,"Subsistence","above_pilot",0,688.2298357,1443.554711,382.1289969,7.517902896,0,21.27656256,46.95064964,9.078092089,0
2016,"Subsistence","above_pilot",0,1382.80437,2950.926133,705.6230644,29.49487377,0,0,74.17893674,3.375375375,0
2016,"Subsistence","below_pilot",0,147.4321998,253.3342025,53.98925627,0,0,4.153019713,2.076509857,2.076509857,0
2016,"Subsistence","below_pilot",0.66780312,371.0747525,892.1390454,329.2390464,7.345834315,0,9.709761389,9.195600971,7.192191613,0
2016,"Subsistence","below_pilot",0.15028909,365.9041653,649.6650198,138.1366084,0.375722726,0,10.12300253,5.662657628,5.136645812,0
2017,"Subsistence","Canada",4.867872045,146.0361613,1611.265647,1640.472879,4.867872045,0,14.60361613,43.8108484,34.07510431,0
2017,"Subsistence","above_pilot",0,109.7230262,590.8162948,282.7477982,0,0,0,4.220116391,4.220116391,0
2017,"Subsistence","above_pilot",10.73433888,502.9212503,2352.871117,1029.074218,0,0,0,5.560194516,13.7282574,0
2017,"Subsistence","above_pilot",3.399165508,584.3265728,5948.639859,4843.547768,3.399165508,0,10.19749652,159.2195849,23.79415855,0
2017,"Subsistence","below_pilot",0,112.1204103,247.239879,112.1204103,0,0,0,5.749764629,2.874882314,0
2017,"Subsistence","below_pilot",0.669846255,421.673186,1081.575232,623.416841,2.275756265,0,0.568939066,22.68298212,17.06523454,0
2017,"Subsistence","below_pilot",0.141805755,376.5626978,1073.500368,577.3205621,8.361757473,0,0.070902877,25.08527242,0.709028774,0
2018,"Subsistence","Canada",0,286.8685714,1199.27,1235.128571,39.84285714,0,0,19.92142857,7.968571429,0
2018,"Subsistence","above_pilot",20.16324138,228.5167356,409.985908,309.1697011,13.44216092,0,0,0,13.44216092,0
2018,"Subsistence","above_pilot",0,431.2162275,1493.510915,1242.551729,39.70197243,0,13.88245867,18.95995441,16.52921531,0
2018,"Subsistence","above_pilot",0,2663.008532,5629.810767,3353.967421,22.6,0,0,11.3,55.54629656,0
2018,"Subsistence","below_pilot",2.303246204,69.09738612,214.201897,200.3824197,4.606492408,0,0,0,0,0
2018,"Subsistence","below_pilot",4.794133773,164.058405,608.4040551,683.5091304,18.356504,0,0,1.348959454,2.023439181,0
2018,"Subsistence","below_pilot",0.310757472,238.1543783,807.88055,481.2808761,37.99391454,0,0.155378736,6.384112002,6.384112002,0
2019,"Subsistence","Canada",0,254.5126354,1451.263538,1245.487365,27.07581227,0,0,10.83032491,10.83032491,0
2019,"Subsistence","above_pilot",0,229.9175817,880.255884,686.4682081,9.853610642,0,3.284536881,6.569073762,6.569073762,0
2019,"Subsistence","above_pilot",0,645.4332041,2471.087124,1927.079138,27.66142303,0,9.220474344,18.44094869,18.44094869,0
2019,"Subsistence","above_pilot",0,1140.136815,5919.933018,4987.464238,101.5821979,0,4.432156795,44.17860461,44.17860461,0
2019,"Subsistence","below_pilot",0,118.5980649,454.0611628,354.0999367,5.082774211,0,1.69425807,3.388516141,3.388516141,0
2019,"Subsistence","below_pilot",3.104465663,520.8846977,1847.790954,1537.961274,28.83358514,0,5.405850863,13.12353681,15.56748517,0
2019,"Subsistence","below_pilot",2.127635247,496.9067661,1805.51393,1353.100386,20.65871246,0,6.177025739,13.63563993,11.93102808,0
2020,"Subsistence","Canada",5.533957845,121.7470726,902.0351288,1228.538642,71.94145199,0,5.533957845,22.13583138,5.533957845,0
2020,"Subsistence","above_pilot",0.650651304,39.68972953,151.6017538,109.309419,11.06107216,0,0,3.903907822,1.301302607,0
2020,"Subsistence","above_pilot",3.198768328,195.124868,745.3130205,537.3930792,54.37906158,0,0,19.19260997,6.397536657,0
2020,"Subsistence","above_pilot",19.50972371,612.8385197,2800.882321,2359.27395,161.1127998,0,0,77.70007227,25.90002409,0
2020,"Subsistence","below_pilot",0,104.4037706,306.8838107,287.9013069,15.81875313,0,0,0,0,0
2020,"Subsistence","below_pilot",0,229.0948606,716.8094921,698.4960008,40.93537445,0,0,3.14377123,0,1.047923743
2020,"Subsistence","below_pilot",0.459258027,263.223405,792.3033146,740.2694407,42.67267453,0,0,1.837032108,0.688887041,0
2021,"Subsistence","Canada",0,6.550458716,138.4954128,145.9816514,8.422018349,0,0,2.80733945,3.743119266,0
2021,"Subsistence","above_pilot",0,0.887819844,7.22939016,4.81959344,0.634157032,0,0,0,0,0
2021,"Subsistence","above_pilot",0,0.107145181,0.872467904,0.581645269,0.076532272,0,0,0,0,0
2021,"Subsistence","above_pilot",0,7.603419112,165.7552886,148.20655,10.65874391,0,0,4.99010616,1.66336872,0
2021,"Subsistence","below_pilot",0,1.146767299,9.337962289,6.225308193,0.819119499,0,0,0,0,0
2021,"Subsistence","below_pilot",0,19.39862682,201.4915105,234.3577416,19.36644853,0.771440112,0,5.400080787,3.08576045,0
2021,"Subsistence","below_pilot",0,15.94049073,182.0310957,141.3956498,15.66241537,0,0,2.04680027,1.023400135,0.255850034
2022,"Subsistence","Canada",0,2.625,18.75,21.75,1.5,0,0,0,0.375,0
2022,"Subsistence","above_pilot",0,2.580772575,2.69808042,1.525001976,0.351923533,0,0.117307844,0,0.117307844,0
2022,"Subsistence","above_pilot",0,7.863432088,8.22086082,4.646573507,1.072286194,0,0.357428731,0,0.357428731,0
2022,"Subsistence","above_pilot",2.944146819,62.54846223,252.0202848,209.8232863,4.880637317,0,0.417068702,4.906911364,8.684793551,0.981382273
2022,"Subsistence","below_pilot",0,29.07670435,30.39837273,17.18168893,3.965005139,0,1.32166838,0,1.32166838,0
2022,"Subsistence","below_pilot",0,51.97467192,68.68503487,73.55803797,10.22089985,0,2.197566951,0,2.197566951,0.7256398
2022,"Subsistence","below_pilot",0,54.85296247,91.03737833,86.52793491,11.25914196,0,2.131478893,1.326737804,3.900462631,0
